,place_name,url_source,username,caption,pos_n
0,西羅殿牛肉湯,https://maps.google.com/?cid=8387396375659946375,-,好吃實在，老闆很熱情的介紹更是加分！,"老闆,　介紹,"
1,邱家小卷米粉,https://maps.google.com/?cid=10680033776338744119,! YO,味道ok,"味道,"
2,永記虱目魚丸,https://maps.google.com/?cid=4554147371860831669,#KV (KV),好吃 台南口味推薦 人有點多 要提早來！,"口味,　人,"
3,台南蔡虱目魚專賣店,https://maps.google.com/?cid=2928269917123627414,*ジュン*,煎蛋也很好吃喔！,"煎,　蛋,"
4,台南蔡虱目魚專賣店,https://maps.google.com/?cid=2928269917123627414,*ジュン*,"東西又好吃  煎魚腸便宜量又多,CP值很高啊！","東西,　煎,　魚腸,"
5,The Sober Foodie 食上主義餐酒館,https://maps.google.com/?cid=2928269917123627414,*ジュン*,很多道菜果真每一道都超好吃！,"菜,"
6,永記虱目魚丸,https://maps.google.com/?cid=4554147371860831669,",,",好吃,
7,牛肉の場牛肉湯,https://maps.google.com/?cid=564241710574152891,",蓁",牛肉湯超好喝 牛肉也超好吃又不柴 老闆很親切 下次到台南還會再來,"牛肉湯,　牛肉,　柴,　老闆,"
8,義豐冬瓜茶,https://maps.google.com/?cid=384191162129070698,、蕃茄醬‖.*。,好喝的冬瓜茶，加點料更美味,"冬瓜,　茶,　料,"
9,饗食天堂 台南店,https://maps.google.com/?cid=17078358752954324711,. twctyw,好吃到撐 ,
10,八寶彬圓仔惠,https://maps.google.com/?cid=6395193438007342432,。。,糖水也完全不會膩口！,"糖水,"
11,八寶彬圓仔惠,https://maps.google.com/?cid=6395193438007342432,。。,我們吃過覺得圓仔真的讓人驚艷！,"圓仔,　人,"
12,西羅殿牛肉湯,https://maps.google.com/?cid=8387396375659946375,/ L,非常好吃～,
13,泉成點心店,https://maps.google.com/?cid=16753377685690227957,/ L,炸魚很嫩,"炸,　魚,"
14,義豐冬瓜茶,https://maps.google.com/?cid=384191162129070698,/ L,好喝，不會太甜膩。,
15,阿地牛排館A-Di Steakhouse,https://maps.google.com/?cid=18237307412558804924,// AN,品質真的很好 好吃！,"品質,"
16,再發號百年肉粽,https://maps.google.com/?cid=16221108663322875580,??? wu,肉粽好吃。,"肉粽,"
17,圓環牛肉湯,https://maps.google.com/?cid=827307068707262989,[Chris] Chu-Yeh Lee,湯頭不錯，肉質跟厚度有水準，不想吃太飽的話可以來,"湯頭,　肉質,　厚度,　水準,"
18,金得春捲,https://maps.google.com/?cid=1357540348893996520,]ean Huang,無糖口味，讓大蒜香氣更明顯，菜清脆不會爛，非常好吃！,"口味,　大蒜,　香氣,　菜,"
19,修安扁擔豆花 Xiu'an Douhua,https://maps.google.com/?cid=14370769965288900932,_ Hsueh,豆花綿密，很好吃~,"豆花,"
20,保哥黑輪,https://maps.google.com/?cid=3365612770392452255,_ Hua,好幾年來　口味始終如一,
21,莊子土豆仁湯,https://maps.google.com/?cid=3179863068037388557,_ inori,花生綿密、湯圓很軟、抹茶蒟蒻抹度夠，整體不會太甜，好吃 ,"花生,　湯圓,　蒟蒻,　抹度,　整體,"
22,赤崁棺材板,https://maps.google.com/?cid=1322526713838872754,_ REX,1.棺材板不錯吃~,"棺材板,"
23,西羅殿牛肉湯,https://maps.google.com/?cid=8387396375659946375,_ WEN,牛肉湯(小)$110 附肉燥飯一碗 炒青菜(高麗菜)$50  湯頭順口，可自己加薑絲、米酒，青菜也炒得好吃，保有脆度。,"牛肉湯,　肉燥飯,　青菜,　高麗菜,　湯頭,　薑絲,　米酒,　青菜,　脆度,"
24,西羅殿牛肉湯,https://maps.google.com/?cid=8387396375659946375,_ WEN,如果吃辣一定要吃店家的特製辣椒醬（店家送餐時會詢問），增添口感層次！,"店家,　辣椒醬,　店家,　口感,　層次,"
25,莉莉水果店,https://maps.google.com/?cid=11220780884503943427,_G Anthony Hsu,超濃超香的芒果牛奶$70,"芒果,　牛奶,"
26,阿松割包,https://maps.google.com/?cid=16224467504112149689,_G Anthony Hsu,口味清淡，冰著一個晚上後吃也沒問題,"口味,　問題,"
27,阿卿杏仁茶,https://maps.google.com/?cid=1984915811519197151,【Patrick 】,濃醇香的杏仁茶,"杏仁茶,"
28,連得堂煎餅,https://maps.google.com/?cid=11005477751414286542,꧂ TOFU꧁,每人每日限購兩包，焦焦香香的煎餅。,"人,　煎餅,"
29,邱家小卷米粉,https://maps.google.com/?cid=10680033776338744119,0 0,好吃，推薦大家來品嚐。,
30,赤崁糖原糖概念館,https://maps.google.com/?cid=11902902068231864997,0 0,純天然的糖，飲料很好喝,"糖,　飲料,"
31,葉家小卷米粉,https://maps.google.com/?cid=9590103266872809101,00,爽口健康型～,"型,"
32,葉家小卷米粉,https://maps.google.com/?cid=9590103266872809101,00,料多實在 小卷及湯頭都非常鮮美 比邱家口味清淡一些些～,"料,　小卷,　湯頭,　口味,"
33,永記虱目魚丸,https://maps.google.com/?cid=4554147371860831669,000 Lee,超推薦一定要吃看看 ！～,
34,永記虱目魚丸,https://maps.google.com/?cid=4554147371860831669,000 Lee,真的非常好吃！,
35,永記虱目魚丸,https://maps.google.com/?cid=4554147371860831669,000 Lee,已經回購第二次了 魚丸非常Q很鮮甜～,"魚丸,"
36,牛肉の場牛肉湯,https://maps.google.com/?cid=564241710574152891,00大師,超好吃,
37,泰成水果店,https://maps.google.com/?cid=8483142696291736422,03郭權慧,冰品價錢220 有多種口味可以選-主要是分酸甜、甜、酸，三大類 我選的是酸酸甜甜的芒果跟葡萄底下是百香果  超好吃～,"冰品,　價錢,　口味,　芒果,　葡萄,　百香果,"
38,泰成水果店,https://maps.google.com/?cid=8483142696291736422,050林芷嫣,這個應該不用再介紹了吧 來台南一定要吃一次的水果冰  真的超好吃 甜到蛀牙的哈密瓜  配上裡面酸酸的百香果冰沙 而上面一球一球的是芒果跟葡萄 酸酸甜甜超級好吃  ,"水果,　冰,　蛀牙,　哈密瓜,　百香果,　冰沙,　球,　球,　芒果,　葡萄 ,"
39,泰成水果店,https://maps.google.com/?cid=8483142696291736422,050林芷嫣,我去台南還是會想再吃    哈密瓜水果冰 （百香果冰沙+葡萄+芒果）$220 週一～,"哈密瓜,　水果,　冰,　百香果,　冰沙,　葡萄,　芒果,"
40,福生小食店,https://maps.google.com/?cid=2356601144562403947,057lin,好吃沒話講,"話,"
41,轉角餐廳 Corner Steak House,https://maps.google.com/?cid=16710121115918595409,05黃建智,好吃,
42,The Sober Foodie 食上主義餐酒館,https://maps.google.com/?cid=46958090805535498,0618qma,餐點好吃 調酒種類很多  ,"餐點,　調酒,　種類,"
43,椿之味薏仁湯,https://maps.google.com/?cid=3629354586924302429,07 方書含,好吃美味,
44,度小月原始店Du Hsiao Yueh Original Restaurant,https://maps.google.com/?cid=10344657079432085675,07-黃柏翰,擔仔麵的味道很純厚，讓人想一直吃下去！,"擔仔麵,　味道,　人,"
45,小公園擔仔麵,https://maps.google.com/?cid=12914543519968009999,080 Yagami,當時8月來的，似乎因為疫情影響沒開，昨晚特地再來吃，它的擔仔麵真的很好吃，不輸渡小月，而且小菜是強項，好吃料多，很難得還有這樣古早味風格的麵店,"疫情,　影響,　擔仔麵,　小菜,　強項,　料,　古早味,　風格,"
46,八寶彬圓仔惠,https://maps.google.com/?cid=6395193438007342432,08林宜融,春夏秋冬來台南都必吃的50塊選五樣挫冰！,"挫冰,"
47,八寶彬圓仔惠,https://maps.google.com/?cid=6395193438007342432,08林宜融,不知道要選什麼，蜜芋頭、湯圓點下去就對了！,"蜜,　芋頭,　湯圓,"
48,The Sober Foodie 食上主義餐酒館,https://maps.google.com/?cid=46958090805535498,090-林科名,大推奶油野菇飯！,"奶油,　野菇飯,"
49,官記臭豆腐,https://maps.google.com/?cid=461624691525689870,1 A,麻辣豆腐煲真棒 跟他們的臭豆腐一樣非常棒的,"豆腐,　煲,　臭豆腐,"
50,阿卿杏仁茶,https://maps.google.com/?cid=1984915811519197151,1 CHEN TENG,不是化學味道的杏仁 好喝不膩口！,"化學,　味道,　杏仁 ,"
51,夏家手工魚麵,https://maps.google.com/?cid=7885713323066056340,1 hsu,每樣都很好吃，老闆娘也很親切！,"老闆娘,"
52,The Sober Foodie 食上主義餐酒館,https://maps.google.com/?cid=46958090805535498,10,每道餐點都有各自的巧思，融合多國的料理特色， 義式、泰式、台式等，不同口味的餐點彼此接合， 融合出新層次的口感   只是有時候不同天點同樣的餐點， 味道會有些許不同（第一天偏甜、第二天偏酸） 雖然都好吃，,"餐點,　巧思,　料理,　特色,　義式,　泰式,　台式,　口味,　餐點,　新,　層次,　口感,　天,　餐點,　味道,"
53,上海華都小吃,https://maps.google.com/?cid=9456196147209512510,10,本人是愛酸辣湯魔人，到哪有酸辣湯都會點來喝，這裡的真的好喝而且好大碗喝不完。,"酸辣湯,　魔,　人,　酸辣湯,　碗,"
54,The Sober Foodie 食上主義餐酒館,https://maps.google.com/?cid=46958090805535498,10,台南最喜歡的餐酒館  來吃過好多次，沒有一次的餐點有雷品。,"餐點,"
55,振來發囍餅蛋糕,https://maps.google.com/?cid=9554895477104508415,10,另外是產品造型和種類也十分多樣化， 讓消費者在挑選的時有豐富的選擇～,"產品,　造型,　種類,　消費者,　時有,"
56,小方舟串燒酒場,https://maps.google.com/?cid=12014235395085196598,10 Unboxing_TV,太好吃了！～,
57,阿地牛排館A-Di Steakhouse,https://maps.google.com/?cid=18237307412558804924,100000005 100000005,是肉質很好，點五分熟牛肉也給得恰到好處，霜降豬肉也很好吃，值得推薦！,"肉質,　牛肉,　豬肉,"
58,密密一鍋,https://maps.google.com/?cid=17626407725738455795,10095 wz,火鍋口味只有兩種選擇，麻辣鍋與鈣骨鍋，主餐除了白飯與寬粉絲可選外，還多了小饅頭可選擇，與以往所認知的多了一點新鮮感。,"火鍋,　口味,　選擇,　麻辣鍋,　鈣骨鍋,　主餐,　白飯,　粉絲,　饅頭,　新鮮感,"
59,密密一鍋,https://maps.google.com/?cid=17626407725738455795,10095 wz,不宜點過多加點餐點，單點給的份量超值，提供的服務和食材超過平價的價值，食材非常新鮮，米飯油亮粒粒分明不馬虎，還有許多餐點沒點過，絕對值得推薦再次來訪。,"餐點,　單點,　份量,　食材,　平價,　價值,　食材,　米飯,　餐點,"
60,台南蔡虱目魚專賣店,https://maps.google.com/?cid=2928269917123627414,1020 crayfish,鱸魚麵線和龍膽麵線好吃，,"鱸魚,　麵線,　龍膽,　麵線,"
61,下大道蘭米糕,https://maps.google.com/?cid=3085742664717935776,102-林宜臻,非常道地的小吃，米糕好吃，魯味也很入味，CP高高 ,"小吃,　米糕,　魯味,"
62,圓環頂肉粽菜粽,https://maps.google.com/?cid=18116489394643549575,1045,很久沒吃了來吃小時後的味道 覺得菜粽變小顆 雖然味道還是ㄧ樣好吃,"小時,　味道,　菜粽,　味道,"
63,The Sober Foodie 食上主義餐酒館,https://maps.google.com/?cid=46958090805535498,1045,急推非常好吃  外帶也非常好吃,
64,密密一鍋,https://maps.google.com/?cid=17626407725738455795,1045,好吃 我個人比較愛吃鈣骨 同事非常愛他們家的麻辣,"鈣骨,　同事,"
65,度小月原始店Du Hsiao Yueh Original Restaurant,https://maps.google.com/?cid=10344657079432085675,109 019 陳威誠,東西好吃,"東西,"
66,阿喬師水粄粥,https://maps.google.com/?cid=6057426353209820911,10蘇曉稜,好好吃啊  一年了，又回來台南玩，帶小孩住隔壁和逸飯店晚餐隨便出來逛逛，看到這家碗糕 買了一碗+水阪粥外帶，回飯店與小孩一起分享 嗯嗯意外的好吃！,"小孩,　晚餐,　碗糕,　水阪粥,　小孩,"
67,阿喬師水粄粥,https://maps.google.com/?cid=6057426353209820911,10蘇曉稜,本北部的食物吃膩了，感覺很沒感情；意外吃到這個口味的水阪粥，真是好吃！,"食物,　感情,　口味,　水阪粥,"
68,阿喬師水粄粥,https://maps.google.com/?cid=6057426353209820911,10蘇曉稜,記得來台南玩時要來 阿喬師水阪粥 吃上一碗  水粄粥！,"水阪粥,　水粄粥,"
69,銀座日式料理,https://maps.google.com/?cid=13741527321531372261,12 02,餐點不錯吃,"餐點,"
70,小方舟串燒酒場,https://maps.google.com/?cid=12014235395085196598,123 123,好吃，,
71,一品塘手工杏仁奶酪,https://maps.google.com/?cid=1132539528932209736,123 yamdurian,東西好吃，,"東西,"
72,永林綜合料理台南本店 Yonlin Restaurant,https://maps.google.com/?cid=1821795297087644639,13 YU,非常好吃的餐廳 整潔乾淨湯頭好,"湯頭,"
73,德記古早味汕頭豆花,https://maps.google.com/?cid=7436778610756831781,1314 WEN,豆花好濃好香,"豆花,"
74,保哥黑輪,https://maps.google.com/?cid=3365612770392452255,1388 W,實際上味道真的不錯，搭配冬瓜茶根本絕配,"味道,　冬瓜茶,　絕配,"
75,下大道蘭米糕,https://maps.google.com/?cid=3085742664717935776,1483,微濕潤米糕 有醬的比較好吃 四神湯很少,"米糕,　醬,　四,　神,　湯,"
76,葉家小卷米粉,https://maps.google.com/?cid=9590103266872809101,1483,也不錯吃 湯味道比較淡 比較自然 ,"湯,　味道,"
77,段純貞-台南小西門店,https://maps.google.com/?cid=11596185374629707918,15張克帆,麵很好吃,"麵,"
78,康樂街牛肉湯,https://maps.google.com/?cid=10042803244159790580,17 W,牛肝完全不柴 超級好吃的,"牛肝,"
79,慶中街郭家綠豆湯（總店）,https://maps.google.com/?cid=10404317143240317116,17號劉冠葳,好喝，,
80,阿美飯店,https://maps.google.com/?cid=17318390011116197475,197610222,沙鍋鴨好吃！,"沙鍋鴨,"
81,阿鳳浮水虱目魚羹,https://maps.google.com/?cid=8294065933744534217,1988422,整個魚肉餡包的毫不手軟,"魚肉,　餡,"
82,阿卿杏仁茶,https://maps.google.com/?cid=1984915811519197151,1988422,杏仁茶很濃郁超香，推薦一定要來試試,"杏仁茶,"
83,銀波食品店,https://maps.google.com/?cid=7050217908891051966,1G yu,布丁冰沙+布丁 超讚  喝到最後一口都好喝,"布丁,　冰沙,　布丁,"
84,阿美飯店,https://maps.google.com/?cid=17318390011116197475,1wa 1bai,蝦棗也是必點的美味，就算是原本不愛這類料理的我們，也完全被收服!,"蝦棗,　料理,"
85,阿美飯店,https://maps.google.com/?cid=17318390011116197475,1wa 1bai,阿美飯店將鱔魚料理得超級Q彈，又不會太鹹，讓我完全顛覆對鱔魚的印象。!,"鱔魚,　Q彈,　鱔魚,　印象,"
86,阿美飯店,https://maps.google.com/?cid=17318390011116197475,1wa 1bai,直到來了阿美飯店才知道，原來我們不是真的不愛，而是沒有吃到好吃的啊!,
87,Bark露天茶飲酒吧 台南海安店,https://maps.google.com/?cid=12166400846712568382,1小夫,調酒好喝拼盤好吃,"拼盤,"
88,慶中街郭家綠豆湯（總店）,https://maps.google.com/?cid=10404317143240317116,20號王麗美,慶中街的綠豆湯好喝，加上粉粿條更是好吃,"綠豆湯,　粉粿條,"
89,上海華都小吃,https://maps.google.com/?cid=9456196147209512510,221-11-柯翊晟,排骨和小籠包推薦！,"排骨,　小籠包,"
90,榮盛點心,https://maps.google.com/?cid=3001757988839766067,222 22,台北的米糕都沒有粒粒分明，這次來吃第二次，一樣覺得很滿足！,"米糕,"
91,古都碗粿 東門總店,https://maps.google.com/?cid=9340173790570036819,22張瑋君,味噌湯很好喝,"味噌湯,"
92,葉家小卷米粉,https://maps.google.com/?cid=9590103266872809101,23 1,小卷本身口感尚可，有脆度也還算彈牙,"小卷,　口感,　脆度,"
93,The Sober Foodie 食上主義餐酒館,https://maps.google.com/?cid=46958090805535498,24 0,中西合併的創意料理很對味～,"創意,　料理,"
94,段純貞-台南小西門店,https://maps.google.com/?cid=11596185374629707918,24陳怡璇,  湯頭清淡好喝 非常適合吃清淡的人來 一吃就愛上，真的很好吃,"湯頭,　人,"
95,段純貞-台南小西門店,https://maps.google.com/?cid=11596185374629707918,24陳怡璇,成都煎蛋麵   大推！,"煎蛋麵,"
96,食香客雞會站雞排茶飲專賣台南北門店,https://maps.google.com/?cid=6895365723218878423,25號吳芓葳（夢遊Joännä凱莉）,炸物好吃我記得我是吃巧克力雞排哈哈，味道還不賴,"炸物,　巧克力,　雞排,　味道,"
97,上海好味道小籠湯包,https://maps.google.com/?cid=14677416712723879598,28孟程薛,餐點很新鮮，小籠包一口咬下去真的很滿足,"餐點,　小籠包,"
98,邱家小卷米粉,https://maps.google.com/?cid=10680033776338744119,2B陳明穎6 054,甜甜的湯很順口，加胡椒粉味道更有層次,"湯,　胡椒粉,　味道,　層次,"
99,葉家小卷米粉,https://maps.google.com/?cid=9590103266872809101,2mao Y,葉家小卷本身比較好吃）！,"小卷,"
100,邱家小卷米粉,https://maps.google.com/?cid=10680033776338744119,2mao Y,除了米粉葉家比較好吃 整體我更愛邱家 湯頭小卷味更濃郁 而且一碗90 比較便宜,"米粉,　整體,　湯頭,　小卷味,"
101,葉家小卷米粉,https://maps.google.com/?cid=9590103266872809101,2mao Y,一碗大約5-6塊小卷，每塊都蠻大口的，吃起來很脆，不會很硬， 份量一個女生吃得完，吃完不會太到很撐，我覺得不錯，可以在吃點別的！,"小卷,　份量,　女生,"
102,邱家小卷米粉,https://maps.google.com/?cid=10680033776338744119,2mao Y,—— 外帶也是要排隊喔 11點排 大概排20分鐘 外帶阿姨湯跟米粉分袋裝 蠻細心的 而且外帶湯好像比較多 有時會有綜合版（小卷米粉+小卷蛋）敢吃蛋的推薦喔 蛋泡在熱湯吃起來很Q嫩 超好吃！,"阿姨,　湯,　米粉,　分,　湯,　綜合版,　小卷,　米粉,　小卷,　蛋,　蛋,　蛋,　熱湯,"
103,台南市牛家莊牛肉湯,https://maps.google.com/?cid=11787861772799542663,2課 Eg,湯好甜 有紅棗的味道,"湯,　紅棗,　味道,"
104,感性魯味,https://maps.google.com/?cid=11087441934800256013,3 Y,外帶回去依然好吃！,
105,水缸豆花,https://maps.google.com/?cid=13675430630978203300,30,連不愛吃豆花的我，都覺得好吃 ,"豆花,"
106,下大道蘭米糕,https://maps.google.com/?cid=3085742664717935776,307 24陳歆,當然就是米糕最好吃啦～,"米糕,"
107,下大道蘭米糕,https://maps.google.com/?cid=3085742664717935776,307 24陳歆,"還有油豆腐也很讚 不過就算是小鳥胃也建議點大碗的，大小碗的飯大概差2,3口而已，大碗的料比較多。～","油豆腐,　小鳥,　胃,　碗,　大小,　碗,　飯,　碗,　料,"
108,阿浚師魯麵,https://maps.google.com/?cid=17857027182974702652,31513鄭元鈞,我爸的朋友 威廷叔叔 然後魯肉飯還有魯麵也很好吃,"爸,　朋友,　叔叔,　魯肉飯,　魯麵,"
109,莉莉水果店,https://maps.google.com/?cid=11220780884503943427,34連姵綾,cp值高的冰品，用料豐富實在,"冰品,　用料,"
110,福泰飯桌 第三代,https://maps.google.com/?cid=318735298139701504,35-孫兆杰,肉燥飯吃起來不油膩也不過甜，順口又好吃,"肉燥飯,"
111,小方舟串燒酒場,https://maps.google.com/?cid=12014235395085196598,38陳禹蓁,餐點好吃,"餐點,"
112,毛丼 丼飯專門店,https://maps.google.com/?cid=280634054031909982,40050steven,服務態度超好，東西也很好吃，推薦 ,"態度,　東西,"
113,阿卿杏仁茶,https://maps.google.com/?cid=1984915811519197151,40317017 40317017,現場吃不夠，還外帶回台中 ,
114,俊吉當歸鴨,https://maps.google.com/?cid=885064573965833226,47,鴨肉切盤$70，有帶骨的，另外附一包醬油膏，鴨肉不錯吃。,"鴨肉,　切盤,　醬油膏,　鴨肉,"
115,俊吉當歸鴨,https://maps.google.com/?cid=885064573965833226,47,整體來說不錯吃，,"整體,"
116,牛肉の場牛肉湯,https://maps.google.com/?cid=564241710574152891,4J H,好吃 涼拌牛腩肉很多 湯清淡好喝 牛肉燥飯順口好吃 不輸給那些六千之類的名店 完全不懂為什麼人不多 完全不能理解,"牛腩肉,　湯,　牛肉,　燥,　飯,　人,"
117,潘家牛肉湯,https://maps.google.com/?cid=16552059745007819293,4J Y,溫體牛很讚，加酒更香,"牛,　酒,"
118,康樂街牛肉湯,https://maps.google.com/?cid=13926895116005986026,4xun chou,值得慶幸的是炒牛肉很好吃,"牛肉,"
119,阿輝炒鱔魚,https://maps.google.com/?cid=13926895116005986026,4xun chou,是好吃,
120,葉家小卷米粉,https://maps.google.com/?cid=9590103266872809101,4xun chou,小卷跟湯算好吃,"小卷,　湯,"
121,下大道蘭米糕,https://maps.google.com/?cid=3085742664717935776,4xun chou,鴨蛋好好吃,"鴨蛋,"
122,鴨母寮市場炭火麵,https://maps.google.com/?cid=15226712923579014777,4xun chou,好愛這湯頭,"湯頭,"
123,西羅殿牛肉湯,https://maps.google.com/?cid=8387396375659946375,4xun chou,牛肝燉的很嫩 肉燥飯好吃,"牛肝,　肉燥飯,"
124,永記虱目魚丸,https://maps.google.com/?cid=4554147371860831669,4xun chou,丸子水準上乘,"丸子,　水準,"
125,康樂街牛肉湯,https://maps.google.com/?cid=10042803244159790580,4xun chou,湯是甘甜,"湯,"
126,阿家牛肉湯,https://maps.google.com/?cid=14382614763632931010,4xun chou,湯頭厲害,"湯頭,"
127,小北牛肉湯,https://maps.google.com/?cid=202823365811471649,4xun chou,台南的甜 淋漓盡致 牛腩湯   神的境界,"牛腩湯,　神,　境界,"
128,體育公園杏仁豆腐冰,https://maps.google.com/?cid=14898437530048661783,500 Arhat,超級好吃,
129,上海好味道小籠湯包,https://maps.google.com/?cid=14677416712723879598,501少傑,涼拌小菜小黃瓜→可以,"小菜,　小黃瓜,"
130,上海好味道小籠湯包,https://maps.google.com/?cid=14677416712723879598,501少傑,小籠湯包→可以 排骨麵，排骨→可以,"湯包,　排骨麵,　排骨,"
131,西羅殿牛肉湯,https://maps.google.com/?cid=8387396375659946375,51 Fan,還有不可缺辣椒醬，沾牛肉真的超棒的。,"辣椒醬,　牛肉,"
132,西羅殿牛肉湯,https://maps.google.com/?cid=8387396375659946375,51 Fan,綜合湯也很豐富。,"湯,"
133,西羅殿牛肉湯,https://maps.google.com/?cid=8387396375659946375,51 Fan,別小看那碗肉燥飯，入口即化且不油膩的肉燥，讓人意猶未盡。,"肉燥飯,　肉燥,　人,"
134,西羅殿牛肉湯,https://maps.google.com/?cid=8387396375659946375,51 Fan,牛肉湯好好喝，湯鮮肉嫩。,"牛肉湯,　湯,　肉,"
135,保哥黑輪,https://maps.google.com/?cid=3365612770392452255,56李奕廷,炒泡麵好吃,"泡麵,"
136,度小月原始店Du Hsiao Yueh Original Restaurant,https://maps.google.com/?cid=10344657079432085675,5OO127陳俞安,好吃！,
137,羊城小食店,https://maps.google.com/?cid=15687540502183904477,5羅德慧,好吃 平價，椒鹽排骨必點,"平價,　椒鹽,　排骨,"
138,永記虱目魚丸,https://maps.google.com/?cid=4554147371860831669,610 Desire,味道好吃，食材新鮮,"味道,　食材,"
139,福泰飯桌 第三代,https://maps.google.com/?cid=318735298139701504,610 Desire,有古早味，味道好吃又衛生,"古早味,　味道,"
140,阿憨鹹粥,https://maps.google.com/?cid=18403622981394011257,611we,醬汁頗合我的胃口 好吃！,"醬汁,　胃口,"
141,阿憨鹹粥,https://maps.google.com/?cid=18403622981394011257,611we,點了經典套餐 油條配鹹粥 出乎意料的好配 飯看評論本來不抱期待,"經典,　套餐,　油條,　鹹粥,　飯,　評論,"
142,阿鳳浮水虱目魚羹,https://maps.google.com/?cid=8294065933744534217,624 Kadmia (‪kadima‬),好吃  沒魚腥味,"魚,　腥味,"
143,The Sober Foodie 食上主義餐酒館,https://maps.google.com/?cid=46958090805535498,69魔王 6,超好吃！,
144,The Sober Foodie 食上主義餐酒館,https://maps.google.com/?cid=46958090805535498,69魔王 6,東西真的很厲害  紅酒牛肉必點！,"東西,　紅酒,　牛肉,"
145,陳記真正紅燒土魠,https://maps.google.com/?cid=12156867177173377067,6號林秀玲,味道很不錯，推薦,"味道,"
146,老鄧牛肉麵,https://maps.google.com/?cid=9779804409540351008,6號林秀玲,牛肉入口即化 乾麵很讚有淡淡麻油味,"牛肉,　麻油味,"
147,石精臼蚵仔煎,https://maps.google.com/?cid=14621166659351077076,7,香菇飯湯好吃,"香菇,　飯湯,"
148,邱家小卷米粉,https://maps.google.com/?cid=10680033776338744119,7 7,來台南必吃的小卷米粉，人潮真的不是普通的多，湯頭鮮甜好喝 ,"小卷,　米粉,　人潮,　湯頭,"
149,西羅殿牛肉湯,https://maps.google.com/?cid=8387396375659946375,7 Chen,好吃，湯頭很甜  ,"湯頭,"
150,伊莉的店 慶中街店,https://maps.google.com/?cid=1626581892569739763,7011 Essie,早餐很好吃 新鮮又美味,"早餐,"
151,莊子土豆仁湯,https://maps.google.com/?cid=3179863068037388557,71fishchen,絕對會是我台南第一名甜湯店  花生湯不會很甜,"花生湯,"
152,莊子土豆仁湯,https://maps.google.com/?cid=3179863068037388557,71fishchen,很香很濃，花生軟硬度剛好，還可以加其他喜歡的料，超幸福 ,"花生,　軟硬度,　料,"
153,石精臼蚵仔煎,https://maps.google.com/?cid=14621166659351077076,7396ping,香菇飯，蚵仔煎都好吃，,"香菇,　飯,　蚵仔煎,"
154,無名豆花,https://maps.google.com/?cid=9836852476337363893,74張心涵,豆花超綿，便宜又好吃,"豆花,"
155,八寶彬圓仔惠,https://maps.google.com/?cid=6395193438007342432,76 su,芋頭真綿密 讚,"芋頭,"
156,阿松割包,https://maps.google.com/?cid=16224467504112149689,86 Tokio,2018/12/29 點了2份豬舌掛包，附一碗湯  還是好吃，美中不足的是豬舌沒有預熱；現場吃還可以喝他的湯，補足了一些小小不完美的地方 …,"豬舌,　掛包,　湯,　豬舌,　湯,　地方,"
157,寮國咖啡,https://maps.google.com/?cid=2683463273021906641,88 LIN,超級推薦 重拿鐵 。,
158,寮國咖啡,https://maps.google.com/?cid=2683463273021906641,88 LIN,來台南一定要去買一杯，怎麼喝還是這間最好喝。,
159,第三代虱目魚丸,https://maps.google.com/?cid=17611807966805088860,886622 jason,套餐就能吃的剛剛好，很好吃,"套餐,"
160,阿娟咖哩飯鴨肉羹,https://maps.google.com/?cid=16483775389809214836,90% off,咖哩很好吃 不愧是美食達人推薦的,"咖哩,　美食,　達人,"
161,藝術轉角 東東蔬食鍋,https://maps.google.com/?cid=1477101883426371465,91 6,蔬食有種選擇 對愛吃蔬食的人來說超滿足 ,"蔬食,　選擇,　蔬食,　人,"
162,保哥黑輪,https://maps.google.com/?cid=3365612770392452255,9597 YW,念南女時跟朋友常吃的回憶，菜頭又軟又甜，炒泡麵好吃好吃,"朋友,　回憶,　菜頭,　泡麵,"
163,毛丼 丼飯專門店,https://maps.google.com/?cid=280634054031909982,992020035 B,用料的確不錯,"用料,"
164,西羅殿牛肉湯,https://maps.google.com/?cid=8387396375659946375,9orene Z,飯湯都好吃、速度快,"飯湯,　速度,"
165,下大道蘭米糕,https://maps.google.com/?cid=3085742664717935776,A A,米糕不錯吃，有台南味！,"米糕,　台南味,"
166,阿卿杏仁茶,https://maps.google.com/?cid=1984915811519197151,A A,就算每天喝也不會膩，活了那麼久第一次敢喝的杏仁茶！,"杏仁茶,"
167,3皇3家文化店,https://maps.google.com/?cid=7837696819973573173,A As,我喜歡炸豆腐以前吃葷食喜歡起司豬排,"豆腐,　葷食,　起司,　豬排,"
168,福生小食店,https://maps.google.com/?cid=2356601144562403947,a a艾嘉,好吃,
169,鎮傳四神湯,https://maps.google.com/?cid=1264838447157979212,a c,點選：綜合四神湯（不加薏仁）、炒米粉、碗粿、糯米腸。,"四,　神,　湯,　薏仁,　炒米粉,　碗粿,　糯米腸,"
170,鎮傳四神湯,https://maps.google.com/?cid=1264838447157979212,a c,湯頭非常濃郁，激推  食料新鮮。,"湯頭,　食料,"
171,八寶彬圓仔惠,https://maps.google.com/?cid=6395193438007342432,a c,用料新鮮，好吃解暑的傳統剉冰， 工作人員動作快，不是那種製造人潮的國華街網紅店。,"用料,　剉冰,　人員,　動作,　人潮,"
172,圓環牛肉湯,https://maps.google.com/?cid=827307068707262989,A- Cian Liou,最愛的牛肉湯 湯頭很順口 牛肉很嫩 超唰嘴 ,"牛肉湯,　湯頭,　牛肉,"
173,阿娟咖哩飯鴨肉羹,https://maps.google.com/?cid=16483775389809214836,A- Cian Liou,我的最愛，咖哩飯是神等級的 ,"最愛,　咖哩飯,　神,　等級,"
174,金得春捲,https://maps.google.com/?cid=1357540348893996520,A G,真的很好吃 還可以調整糖度,"糖度,"
175,鎮傳四神湯,https://maps.google.com/?cid=1264838447157979212,A G,四神湯好喝 料也很多,"四,　神,　湯,　 料,"
176,阿美飯店,https://maps.google.com/?cid=17318390011116197475,a google,餐點好吃  ,"餐點,"
177,邱家小卷米粉,https://maps.google.com/?cid=10680033776338744119,A Hsin,第一次吃，小卷鮮、湯甜，搭配起來真的好吃，有喜歡上小卷米粉湯，推～,"小卷,　湯,　小卷,　米粉,　湯,"
178,永樂燒肉飯,https://maps.google.com/?cid=12870522972202398919,A Hsuan Lin,好吃又便宜，最喜歡燒肉飯，還附加味噌湯和沙拉。,"味噌湯,　沙拉,"
179,福記肉圓總店,https://maps.google.com/?cid=2921609069227325458,A K,味道很好，回台南一定來報到。,"味道,"
180,萬川號餅舖,https://maps.google.com/?cid=1235390345844112343,A K,從小吃到大的肉包和水晶餃，完美,"肉包,　水晶餃,"
181,羊城小食店,https://maps.google.com/?cid=15687540502183904477,a law,真的很好吃， 第一次看女友吃油雞能無法停下手啊， 非常推薦,"女友,　油雞,"
182,金得春捲,https://maps.google.com/?cid=1357540348893996520,A sa,體驗一次就好 最喜歡的地方是餅皮，,"地方,　餅皮,"
183,修安扁擔豆花 Xiu'an Douhua,https://maps.google.com/?cid=14370769965288900932,A sa,我來台南必吃的豆花，可以一天吃兩次，其中布丁雖然貴，不過吃得出來品質與製作方式與眾不同，粉粿也是令人驚艷的口感,"豆花,　布丁,　品質,　方式,　粉粿,　人,　口感,"
184,大同包子店,https://maps.google.com/?cid=13443748248752428575,a Syu,好吃，料實在。,
185,大同包子店,https://maps.google.com/?cid=13443748248752428575,a Syu,醬料一級棒。,"醬料,"
186,伊莉的店 慶中街店,https://maps.google.com/?cid=1626581892569739763,A Ting,友人因奶素者需求推薦此店，下班後從台中開車前來早午餐聚；選擇套餐有現打柳橙汁、水果生菜沙拉、法式薄餅、飲品（奶茶），薄餅還品嚐朋友點的其他口味，每種都好吃,"友人,　奶素,　者,　需求,　套餐,　柳橙汁,　水果,　生菜,　沙拉,　薄餅,　飲品,　奶茶,　薄餅,　朋友,　口味,"
187,修安扁擔豆花 Xiu'an Douhua,https://maps.google.com/?cid=14370769965288900932,A Y,四種口味粉粿的豆花真的非常好吃唷，口感很有特色~,"口味,　粉粿,　豆花,　口感,　特色,"
188,連得堂煎餅,https://maps.google.com/?cid=11005477751414286542,A. Cheng,這才是煎餅 手工製作 稍甜,"煎餅,　手工,"
189,連得堂煎餅,https://maps.google.com/?cid=11005477751414286542,A. Cheng,香氣十足 雞蛋比味增口味更純粹好吃,"香氣,　雞蛋,　味,　口味,"
190,再發號百年肉粽,https://maps.google.com/?cid=16221108663322875580,A.Y. Xu,記憶中的粽子好像沒有這麼大啊，活像被照到放大光線一樣，好吃的沒話說，每一口都吃到不同的料，有一顆大干貝就這樣被一口吃下了！,"記憶,　粽子,　光線,　話,　料,　干貝,"
191,再發號百年肉粽,https://maps.google.com/?cid=16221108663322875580,A.Y. Xu,（感覺今年會大發）趕快揪同事團購，這真是太好吃了！,"同事,"
192,再發號百年肉粽,https://maps.google.com/?cid=16221108663322875580,A.Y. Xu,還點了一碗魚餃湯，這魚餃感覺是手作的，也比一般吃到的尺寸大一點，而且是真的嚼得到餡料的味道，外皮Ｑ彈有點厚度，非常有咬勁，非常喜歡這樣的組合，超級無敵！,"魚餃湯,　魚餃,　手作,　尺寸,　餡料,　味道,　外皮,　厚度,　咬勁,　組合,"
193,再發號百年肉粽,https://maps.google.com/?cid=16221108663322875580,A.Y. Xu,老實說，對於粽子一直都只吃豆沙粽，這算是第一次吃豆沙粽以外的口味，只能說以前的我實在是大笨蛋啊！,"粽子,　豆沙粽,　豆沙粽,　口味,　笨蛋,"
194,再發號百年肉粽,https://maps.google.com/?cid=16221108663322875580,A.Y. Xu,由於粽子太大，要跟男友一起合力消滅，一個人吃的話，大概可以抵兩餐吧... 喔！,"粽子,　男友,　人,　餐,"
195,上海好味道小籠湯包,https://maps.google.com/?cid=14677416712723879598,A03潘建舟,雪菜肉絲麵好吃，麵條Q，雪菜口味不會太重,"雪菜,　肉絲麵,　麵條Q,　雪菜,　口味,"
196,上海好味道小籠湯包,https://maps.google.com/?cid=14677416712723879598,A03潘建舟,湯包我很喜歡，是蟹黃湯包，很濃郁的蟹黃味，湯包很多汁，原本想拍咬一口的照片，,"湯包,　蟹黃,　湯包,　蟹黃味,　湯包,　照片,"
197,上海好味道小籠湯包,https://maps.google.com/?cid=14677416712723879598,A03潘建舟,上海炸排骨沒有裹一層厚厚的粉，肉質鮮嫩加分。,"排骨,　粉,　肉質,"
198,阿家牛肉湯,https://maps.google.com/?cid=14382614763632931010,a0933257165@gmail.com a120413291,有吃過牛肉鍋或牛肉湯得朋友，來阿家吃一次一定永遠忘不了，真得好吃，湯頭超級讚。,"牛肉鍋,　牛肉湯,　朋友,　湯頭,"
199,阿地牛排館A-Di Steakhouse,https://maps.google.com/?cid=18237307412558804924,AA Chou,老闆娘親切及熱情，看似普通的外觀及環境，卻提供高品質的餐點，新鮮肉品及真材實料之外還很好吃，還有特殊菜單A5和牛排，想不到吧~,"老闆娘,　外觀,　環境,　高品質,　餐點,　肉品,　真,　材,　料,　菜單,　牛排,"
200,赤崁棺材板,https://maps.google.com/?cid=1322526713838872754,Aa Kao,從小吃到現在，好吃,
201,上海華都小吃,https://maps.google.com/?cid=9456196147209512510,Aa0988137038 ALONG0985792898,還是很好吃 !~,
202,保安路米糕,https://maps.google.com/?cid=17639707612973388449,Aa0988137038 ALONG0985792898,真是好吃,
203,保安路米糕,https://maps.google.com/?cid=17639707612973388449,Aa0988137038 ALONG0985792898,真是小而美又好吃的米糕店！,
204,阿輝炒鱔魚,https://maps.google.com/?cid=13926895116005986026,Aa0988137038 ALONG0985792898,很會炒鱔魚 !,"鱔魚,"
205,阿輝炒鱔魚,https://maps.google.com/?cid=13926895116005986026,Aa0988137038 ALONG0985792898,好吃 !,
206,阿輝炒鱔魚,https://maps.google.com/?cid=13926895116005986026,Aa0988137038 ALONG0985792898,大塊又脆又好吃 !,
207,阿輝炒鱔魚,https://maps.google.com/?cid=13926895116005986026,Aa0988137038 ALONG0985792898,）所以不吃甜的就點乾炒鱔魚意麵.會更好吃 !,"意麵,"
208,上海華都小吃,https://maps.google.com/?cid=9456196147209512510,Aa0988137038 ALONG0985792898,（ 建議去吃要跟他們說要熱的.且一籠吃完再點一籠來吃.他們的黑豬肉比別家更够味 )!,"豬肉,　味,"
209,森茂碗粿,https://maps.google.com/?cid=3577803294514236899,aa9011230,本身對碗粿沒有特別愛 這家吃起來口感還行 羹的部分很好喝 我很喜歡,"碗粿,　口感,　羹,"
210,康樂街牛肉湯,https://maps.google.com/?cid=10042803244159790580,aaasure,牛肉湯清甜肉嫩，老闆娘為人客氣，會抽空講解食用方法。,"牛肉湯,　肉,　老闆娘,　為人,　方法,"
211,小北牛肉湯,https://maps.google.com/?cid=202823365811471649,Aabb1111,肉多好喝～,"肉,"
212,永林綜合料理台南本店 Yonlin Restaurant,https://maps.google.com/?cid=1821795297087644639,Aabow Chang,新鮮、美味又好吃的牛肉爐與海鮮！,"牛肉爐,　海鮮,"
213,保哥黑輪,https://maps.google.com/?cid=3365612770392452255,Aaron,炒泡麵好吃，,"泡麵,"
214,台南武廟肉圓,https://maps.google.com/?cid=11038298782733184496,Aaron,三顆60，清蒸口味，肉圓皮軟Q，好吃,"口味,　肉圓,　皮,"
215,牛肉の場牛肉湯,https://maps.google.com/?cid=564241710574152891,Aaron,下次會吃看看牛肉麵+小菜 很推薦！,"牛肉麵,　小菜,"
216,牛肉の場牛肉湯,https://maps.google.com/?cid=564241710574152891,Aaron,乾拌牛肉麵 便宜 麵條我愛 牛肉湯100也算便宜 屬清淡 牛燥飯普通（牛肉湯+10送） 很推薦！,"牛肉麵,　麵條,　牛肉湯,　牛燥飯,　牛肉湯,"
217,泰成水果店,https://maps.google.com/?cid=8483142696291736422,Aaron Hsu,有整顆的哈密瓜,"哈密瓜,"
218,泰成水果店,https://maps.google.com/?cid=8483142696291736422,Aaron Hsu,好吃！,
219,甜在心咖啡館,https://maps.google.com/?cid=3912110627948167947,aaron huang,咖啡甜感佳 獨特甜品,"咖啡,　甜感,　甜品,"
220,永林綜合料理台南本店 Yonlin Restaurant,https://maps.google.com/?cid=1821795297087644639,Aaron Jen,牛肉新鮮 湯清淡不膩,"牛肉,　 湯,"
221,舊永瑞珍喜餅,https://maps.google.com/?cid=14245856339238686165,aaron kuo,最愛的古早味糕餅,"古早味,　糕餅,"
222,邱家小卷米粉,https://maps.google.com/?cid=10680033776338744119,Aaron Lee,真的好吃 湯頭鮮美濃郁 米粉口感十足 小卷份量一般 沒有芹菜等整體形象略顯單薄,"湯頭,　米粉,　口感,　小卷,　份量,　芹菜,　整體,　形象,"
223,感性魯味,https://maps.google.com/?cid=11087441934800256013,Aaron Lee,簡單美味,
224,小方舟串燒酒場,https://maps.google.com/?cid=12014235395085196598,Aaron Li,有意思的居酒屋，餐點好吃！,"居酒屋,　餐點,"
225,阿憨鹹粥,https://maps.google.com/?cid=18403622981394011257,Aaron Lin,知名老店，魚肉新鮮，湯頭很讚，食材原味，推薦。,"魚肉,　湯頭,　食材,　原味,"
226,連得堂煎餅,https://maps.google.com/?cid=11005477751414286542,Aaron W,一進巷子就能聞到很濃的煎餅味，很讚，不會太甜或太硬，買來送人也很ok,"巷子,　煎餅味,"
227,葉家小卷米粉,https://maps.google.com/?cid=9590103266872809101,Aaron Yang,小捲新鮮。,"小捲,"
228,上富小吃店,https://maps.google.com/?cid=13284853645618306766,Aaron Yang,老店新裝，最喜歡排骨飯。,"新裝,　排骨飯,"
229,榮盛點心,https://maps.google.com/?cid=3001757988839766067,AA冰冰, ,
230,上海華都小吃,https://maps.google.com/?cid=9456196147209512510,AB Chan,小籠包是必點 。,"小籠包,"
231,修安扁擔豆花 Xiu'an Douhua,https://maps.google.com/?cid=14370769965288900932,abba jung,第一次吃好吃豆花加紅豆,"豆花,　紅豆,"
232,再發號百年肉粽,https://maps.google.com/?cid=16221108663322875580,abba jung,百年老店老闆娘服務熱心詳細介紹第一次來好吃,"老闆娘,"
233,永樂燒肉飯,https://maps.google.com/?cid=12870522972202398919,abba jung,好吃,
234,小公園擔仔麵,https://maps.google.com/?cid=12914543519968009999,Abbie,意麵好吃~,"意麵,"
235,泰成水果店,https://maps.google.com/?cid=8483142696291736422,Abbie,很有創意的冰品，上面的雪霜很好吃。,"創意,　冰品,　雪霜,"
236,潘家牛肉湯,https://maps.google.com/?cid=16552059745007819293,Abbie,可是連假期間到處都在排隊 這間店小小的座位不多卻 超級好喝~,"假期,　座位,"
237,金得春捲,https://maps.google.com/?cid=1357540348893996520,Abbie,還不錯吃~,
238,潘家牛肉湯,https://maps.google.com/?cid=16552059745007819293,Abbie,第一次喝台南必嚐牛肉湯~,"牛肉湯,"
239,莉莉水果店,https://maps.google.com/?cid=11220780884503943427,Abbie Liu,水果冰還不錯,"水果,　冰,"
240,德記古早味汕頭豆花,https://maps.google.com/?cid=7436778610756831781,Abby Liu,料多、豆花的豆味很濃，還有薑汁是真的有薑片唷，好吃 ,"料,　豆花,　豆味,　薑汁,　薑片,"
241,保哥黑輪,https://maps.google.com/?cid=3365612770392452255,Abby Tsai,好吃的炒泡麵,
242,石精臼蚵仔煎,https://maps.google.com/?cid=14621166659351077076,Abby Tung,香菇飯湯跟蚵仔煎好吃！,"香菇,　飯湯,　蚵仔煎,"
243,Bark露天茶飲酒吧 台南海安店,https://maps.google.com/?cid=12166400846712568382,abc0970582471 abc0952106769,調酒很好喝 東西也不錯吃,"東西,"
244,福記肉圓總店,https://maps.google.com/?cid=2921609069227325458,Abel,爽口 不油也不黏嘴 好吃 兩塊肉圓吃起來剛剛好 ,"肉圓,"
245,莉莉水果店,https://maps.google.com/?cid=11220780884503943427,Abel,真的好吃 ,
246,克林台包,https://maps.google.com/?cid=8900202290878478045,Abel Chen,有經過都會買個肉包來吃～,"肉包,"
247,下大道蘭米糕,https://maps.google.com/?cid=3085742664717935776,Abel Wu,魯丸的口感彈牙，,"魯丸,　口感,"
248,嘉義廖火雞肉飯,https://maps.google.com/?cid=4038485297500813877,aben chen,口味非常棒噢！,"口味,"
249,莉莉水果店,https://maps.google.com/?cid=11220780884503943427,Abercio Wei (洪小瑋),水果好吃，,"水果,"
250,再發號百年肉粽,https://maps.google.com/?cid=16221108663322875580,abien Chang,粽子好大好好吃,"粽子,"
251,上海華都小吃,https://maps.google.com/?cid=9456196147209512510,Abigail,蛋炒飯很好吃，蛤仔湯也好喝，湯包尚可 其它就還好,"蛋炒飯,　蛤仔湯,　湯包,"
252,井選日式定食,https://maps.google.com/?cid=17782137243560387036,Abigail Chen,唐揚雞是屬於沾醬吃的那種 上面沒有灑上胡椒 不過蠻多塊的 吃得很飽,"唐揚雞,　沾醬,　胡椒,"
253,勝立牛肉湯,https://maps.google.com/?cid=1850319385876755694,Abigail Chen,牛肉好吃 湯偏甜可加點薑絲調味 肉嫩真的是很重要 完全不柴,"牛肉,　湯,　薑絲,　肉,　柴,"
254,上海好味道小籠湯包,https://maps.google.com/?cid=14677416712723879598,Abigail Yang,小籠湯包，真的好吃 真心不騙！,"湯包,"
255,永林綜合料理台南本店 Yonlin Restaurant,https://maps.google.com/?cid=1821795297087644639,Abner Ed,牛肉超好吃，其他料理也都不錯,"牛肉,　料理,"
256,Mr.麵王,https://maps.google.com/?cid=1444700531705902071,ABo,個人滿喜歡吃咖哩飯 炸豆腐也不錯,"咖哩飯,　豆腐,"
257,保哥黑輪,https://maps.google.com/?cid=3365612770392452255,abyssalpoet,炒泡麵好吃～,"泡麵,"
258,江川肉燥飯,https://maps.google.com/?cid=16826961460448539171,AC,很好吃 來台南吃燒肉飯來這家就對了,"燒肉飯,"
259,阿松割包,https://maps.google.com/?cid=16224467504112149689,ᴀᴄ•EMT_竹,好吃啊。,
260,小公園擔仔麵,https://maps.google.com/?cid=12914543519968009999,Acan H,我認為比渡小月好吃，小菜也很棒，只是有時需要排隊,"小菜,"
261,阿松割包,https://maps.google.com/?cid=16224467504112149689,Accelerator S,特色小吃  值得買來吃吃 湯喝不出是什麼味道,"特色,　小吃,　湯,　味道,"
262,金得春捲,https://maps.google.com/?cid=1357540348893996520,Accelerator S,料多味美  清爽不油膩 適合夏天沒食慾的時候吃,"料,　味,　食慾,　時候,"
263,新順發行(麥芽糖，冰糖，冬瓜糖),https://maps.google.com/?cid=11080352460525922120,ACE Hsiao,傳統冬瓜糖很讚！,"冬瓜,　糖,"
264,不老莊藥膳香腸,https://maps.google.com/?cid=7177288601832733031,Ace Huang (宏威稅務記帳士事務所),香腸好吃。,"香腸,"
265,福生小食店,https://maps.google.com/?cid=2356601144562403947,Ace Kang,一甲子以上老店，魚肚好吃,"魚肚,"
266,莊子土豆仁湯,https://maps.google.com/?cid=3179863068037388557,achel R,用料實在，湯圓很Q,"用料,　湯圓,"
267,永記虱目魚丸,https://maps.google.com/?cid=4554147371860831669,Achilles Hsieh,肉燥飯及油豆腐，滷蛋依舊香氣十足，十分入味，,"肉燥飯,　油豆腐,　滷蛋,　香氣,"
268,小方舟串燒酒場,https://maps.google.com/?cid=12014235395085196598,Acid Chen,好吃到要哭泣的程度,"程度,"
269,阿滿牛肉湯,https://maps.google.com/?cid=16597912410027903719,Across Wong,超讚，牛肉湯大碗，附肉燥飯,"牛肉湯,　碗,　肉燥飯,"
270,段純貞-台南小西門店,https://maps.google.com/?cid=11596185374629707918,AD01Chen,是屬於寬版，有點像吃麵疙瘩.. 紅油抄手：一份五顆，不小顆，原本的調味應有加醋，搭配的剛好，不會辣，香氣夠，內餡口感紮實，蠻好吃的。,"麵,　疙瘩,　紅油,　抄手,　醋,　香氣,　內餡,　口感,"
271,段純貞-台南小西門店,https://maps.google.com/?cid=11596185374629707918,AD01Chen,老火鍋麻辣水煮魚：湯不錯喝，除了魚片還有小顆的蛤蠣，選手打麵，麵條有厚度有嚼勁，,"水煮魚,　湯,　魚片,　蛤蠣,　選手,　麵,　麵條,　厚度,　嚼勁,"
272,小北牛肉湯,https://maps.google.com/?cid=202823365811471649,Ada,牛肉新鮮好吃，湯很甜，還可以加點酒進去 ,"牛肉,　湯,　酒,"
273,修安扁擔豆花 Xiu'an Douhua,https://maps.google.com/?cid=14370769965288900932,Ada Chiu,大推黑糖粉粿，很綿味道很夠，地瓜也很入味，豆花綿密密少了些豆香味，整體料不多、湯少、價位偏高，口味都很棒。,"黑糖,　粉粿,　味道,　地瓜,　豆花,　豆,　香味,　整體,　料,　湯,　價位,　口味,"
274,甜在心咖啡館,https://maps.google.com/?cid=3912110627948167947,Ada Kuo,咖啡很好喝！,"咖啡,"
275,江川肉燥飯,https://maps.google.com/?cid=16826961460448539171,Ada Liu,每次來台南都必來吃的！,
276,八寶彬圓仔惠,https://maps.google.com/?cid=6395193438007342432,Adam C,芋頭和蓮子非常好吃,"芋頭,　蓮子,"
277,永林綜合料理台南本店 Yonlin Restaurant,https://maps.google.com/?cid=1821795297087644639,Adam C. Lin,牛肉好吃，肉燥飯普通,"牛肉,　肉燥飯,"
278,落成米糕,https://maps.google.com/?cid=5753912611252533761,Adam C. Lin,滿香的,
279,阿美飯店,https://maps.google.com/?cid=17318390011116197475,Adam Chen,好吃，推薦,
280,落成米糕,https://maps.google.com/?cid=5753912611252533761,adam chiang,好吃，四神湯超優，連小朋友都很愛,"小朋友,"
281,永樂燒肉飯,https://maps.google.com/?cid=12870522972202398919,Adam Kao,燒肉的醬汁不會太甜，將燒肉襯托得恰如其分。,"燒,　肉,　醬汁,　燒肉,"
282,永樂燒肉飯,https://maps.google.com/?cid=12870522972202398919,Adam Kao,果然名不虛傳 永樂的燒肉飯好吃 燒肉夠味，嫩而多汁，令人無法停箸。,"燒肉飯,　人,　箸,"
283,克林台包,https://maps.google.com/?cid=8900202290878478045,Adam Kao,克林台包的包子餡加了筍子和鹹蛋，口味頗為均衡。,"台包,　包子,　餡,　筍子,　鹹蛋,　口味,"
284,克林台包,https://maps.google.com/?cid=8900202290878478045,Adam Kao,皮並不是非常薄，,"皮,"
285,克林台包,https://maps.google.com/?cid=8900202290878478045,Adam Kao,內餡不會鬆散，包子皮的筋度調整得不錯，嚼起來有口感，,"內餡,　包子皮,　筋度,　口感,"
286,克林台包,https://maps.google.com/?cid=8900202290878478045,Adam Kao,內餡不干柴，頗好入口，連續吃也不會膩。,"內餡,　柴,"
287,感性魯味,https://maps.google.com/?cid=11087441934800256013,Adam Kuo,晚上找不到東西吃，棺材板也賣完了，發現這間居然坐滿人，吃了之後不得了，來台南吃小吃真是太好了,"東西,　棺材板,　人,　小吃,"
288,保安路米糕,https://maps.google.com/?cid=17639707612973388449,Adam Lin,糯米不會太軟太爛，超級好吃。！,"糯米,"
289,保安路米糕,https://maps.google.com/?cid=17639707612973388449,Adam Lin,肉燥很入味，肥肉不油膩！,"肉燥,　肥肉,"
290,莉莉水果店,https://maps.google.com/?cid=11220780884503943427,Adam Liu,水果新鮮，果汁冰品都很好吃，環境也整潔乾淨！,"水果,　果汁,　冰品,　環境,"
291,落成米糕,https://maps.google.com/?cid=5753912611252533761,Adela Dai,豬肚湯好喝!,"豬肚湯,"
292,慶中街豬血湯,https://maps.google.com/?cid=6588740842697162999,Adela Woo,古早味，腸子處理很乾淨！,"古早味,　腸子,"
293,無名豆花,https://maps.google.com/?cid=9836852476337363893,Adelaide Lin,推薦傳統豆花和珍珠豆花，好吃：）,"豆花,　珍珠,　豆花,"
294,上海好味道小籠湯包,https://maps.google.com/?cid=14677416712723879598,Adelaide Qiu,是湯麵調味不足、小籠湯包內餡有豬腥味。,"湯麵,　小籠,　湯包,　內餡,　豬,　腥味,"
295,俊吉當歸鴨,https://maps.google.com/?cid=885064573965833226,Adeline,好吃 從小吃到大的美味,
296,邱家小卷米粉,https://maps.google.com/?cid=10680033776338744119,ADM ENERA,小卷鮮甜又新鮮，湯頭好喝很台南～,"小卷,　湯頭,"
297,下大道蘭米糕,https://maps.google.com/?cid=3085742664717935776,Adrian,肉燥煮得不錯值得推薦,"肉燥,"
298,阿滿牛肉湯,https://maps.google.com/?cid=16597912410027903719,ADRW,"2.沾醬是開放自助式，生薑絲,豆瓣醬，辣椒，醬油，香油可以自己自由調配味道，這個很讚。","沾醬,　式,　生,　薑絲,　豆瓣醬,　辣椒,　醬油,　香油,　味道,"
299,阿滿牛肉湯,https://maps.google.com/?cid=16597912410027903719,ADRW,1.價格合理，炒牛肉，炒牛肝份量都很夠，炒工了得真的很好吃，小店藏高手。,"價格,　牛肉,　牛肝,　份量,　工,　高手,"
300,圓環牛肉湯,https://maps.google.com/?cid=827307068707262989,Ady Yu,東西好吃，,"東西,"
301,阿輝炒鱔魚,https://maps.google.com/?cid=13926895116005986026,aemy05,出餐速度很快 我點炒鱔魚意麵+豬肝湯  鱔魚意麵吃起來鹹鹹甜甜的，鱔魚很脆 豬肝很多，湯頭好喝  是我喜歡的口味,"速度,　鱔魚,　意麵,　豬肝湯,　鱔魚,　意麵,　鱔魚,　豬肝,　湯頭,　口味,"
302,舊來發餅舖since1875,https://maps.google.com/?cid=12999185980653068701,Aesy,第一次買椪餅不知道好不好吃，只買了兩包，結果回家一下就快被吃光，下次若再去台南一定會再買,"椪餅,"
303,椿之味薏仁湯,https://maps.google.com/?cid=3629354586924302429,AFei,超級好喝！,
304,小西腳碗粿,https://maps.google.com/?cid=3286917111271333041,Afra Lin,紮實Q彈的碗粿，配上一碗清甜的白蘿蔔豆仔湯就是令人滿足的一餐，真希望可以天天吃到碗粿,"碗粿,　白蘿蔔,　豆仔湯,　人,　碗粿,"
305,雙全紅茶,https://maps.google.com/?cid=12559714995992790193,Agnes Chen,巷子裏的古早味紅茶 就單賣這一味，只能選擇甜度 單喝半糖覺得後味仍帶點微微澀 無糖的另外自己添加玻璃瓶的高大鮮奶，超好喝,"巷子,　古早味,　紅茶 ,　甜度,　糖,　後味,　玻璃瓶,　鮮奶,"
306,保安路米糕,https://maps.google.com/?cid=17639707612973388449,Agnes Lee,燙青菜是地瓜葉，淋上簡單卻美味的醬汁也是必點！,"青菜,　地瓜,　葉,　醬汁,"
307,保安路米糕,https://maps.google.com/?cid=17639707612973388449,Agnes Lee,最後再配一碗中藥熬煮的軟軟香香的四神湯，真的好滿足~,"中藥,　四,　神湯,"
308,保安路米糕,https://maps.google.com/?cid=17639707612973388449,Agnes Lee,卻是超級意外的好吃，不像我的家鄉清水米糕那樣軟糯，粒粒分明的糯米飯加上鹹香甜的滷肉汁以及甜甜的旗魚鬆，每吃一口都可能要到驚奇，因為還有醃漬小黃瓜、水煮土豆以及一顆滷丸！,"米糕,　糯米飯,　滷肉汁,　旗魚鬆,　小黃瓜,　土豆,　滷丸,"
309,保安路米糕,https://maps.google.com/?cid=17639707612973388449,Agnes Lee,ps:油豆腐有滷的入味，也不錯~,"油豆腐,"
310,清子香腸熟肉,https://maps.google.com/?cid=10248946468777024758,Agnes Li,香腸是很好吃，,"香腸,"
311,毛丼 丼飯專門店,https://maps.google.com/?cid=280634054031909982,Agnes Yang,超澎湃海鮮丼，海鮮和醋飯絕配。,"海鮮丼,　海鮮,　醋飯,　絕配,"
312,陳記真正紅燒土魠,https://maps.google.com/?cid=12156867177173377067,AGNON TANG,台南縣市我吃過超過十五家，，這家真的最好吃，肉質最棒！,"肉質,"
313,陳記真正紅燒土魠,https://maps.google.com/?cid=12156867177173377067,AGNON TANG,湯頭也好！,"湯頭,"
314,陳記真正紅燒土魠,https://maps.google.com/?cid=12156867177173377067,A-Gong Chen,湯頭讚！～,"湯頭,"
315,陳記真正紅燒土魠,https://maps.google.com/?cid=12156867177173377067,A-Gong Chen,很好吃～,
316,陳記真正紅燒土魠,https://maps.google.com/?cid=12156867177173377067,A-Gong Chen,肉大塊～,"肉,"
317,鎮傳四神湯,https://maps.google.com/?cid=1264838447157979212,A-Gong Chen,好吃~,
318,鎮傳四神湯,https://maps.google.com/?cid=1264838447157979212,A-Gong Chen,四神湯讚！~,"神,　湯,"
319,山里愛玉冰,https://maps.google.com/?cid=4555392777786547392,AHA W,好吃的愛玉冰,
320,八寶彬圓仔惠,https://maps.google.com/?cid=6395193438007342432,ahkaizi huang,點了五種料的冰： 糖水不會太甜， 芋頭很香 湯圓好Q 果然是招牌。,"料,　冰,　 芋頭,　湯圓,　招牌,"
321,小公園擔仔麵,https://maps.google.com/?cid=12914543519968009999,ahkaizi huang,記得點點滷貢丸嚐嚐。,"貢丸,"
322,保安路米糕,https://maps.google.com/?cid=17639707612973388449,ahkaizi huang,相見恨晚，物美價廉，米糕相當好吃。,"米糕,"
323,小公園擔仔麵,https://maps.google.com/?cid=12914543519968009999,ahkaizi huang,好好吃的傳統擔仔麵， 去台南必吃，可以一天吃兩次。,"擔仔麵,"
324,保安路米糕,https://maps.google.com/?cid=17639707612973388449,ahkaizi huang,四神湯很濃郁!,"神,　湯,"
325,甜在心咖啡館,https://maps.google.com/?cid=3912110627948167947,Ahn Chen,單品咖啡種類多，而且品質跟風味都很不錯 想要喝看看各種不同產地的咖啡可以來這裡,"單品,　咖啡,　種類,　品質,　風味,　咖啡,"
326,落成米糕,https://maps.google.com/?cid=5753912611252533761,AHR暄兒,環境舒適古早 米糕恰到好處 配上魚鬆肉燥 四神鮮美料多 醃蘿蔔超級讚 超值台南小吃,"環境,　米糕,　魚鬆,　肉燥,　神,　料,　醃蘿蔔,　小吃,"
327,莉莉水果店,https://maps.google.com/?cid=11220780884503943427,Ai Chi Wang,要稍微繞一下  水果很新鮮，冰很大碗很過癮  不會加過多的糖水或煉乳,"水果,　冰,　碗,　糖水,　煉乳,"
328,雙全紅茶,https://maps.google.com/?cid=12559714995992790193,Aidan Wang,每次來台南一定會帶的紅茶,"紅茶,"
329,庫肯花園餐廳,https://maps.google.com/?cid=10712809662783419876,Aihpos Nil,每次來台南必吃青醬義大利麵。,"青醬,　義大利麵,"
330,八寶彬圓仔惠,https://maps.google.com/?cid=6395193438007342432,Aihui Yang,圓仔和芋頭好吃糖水也不會太甜。,"圓仔,　芋頭,　糖水,"
331,保安路米糕,https://maps.google.com/?cid=17639707612973388449,aiir w,是為了這米糕，值!,"米糕,"
332,伊莉的店 慶中街店,https://maps.google.com/?cid=1626581892569739763,Ailsa Chen,最愛起司藍莓薄餅 ,"起司,　藍莓,　薄餅,"
333,永樂燒肉飯,https://maps.google.com/?cid=12870522972202398919,AILY5616,配菜筍乾還不錯吃。,"筍乾,"
334,品香肉粽,https://maps.google.com/?cid=1586507843383038978,Aimee,第一次體驗傳統南部粽 菜粽口感綿密，花生也鬆軟,"傳統,　粽,　菜粽,　口感,　花生,"
335,鎮傳四神湯,https://maps.google.com/?cid=1264838447157979212,AiPing Hu,傳統的美味，碗粿好吃，四神湯很棒!,"美味,　碗粿,"
336,友誠蝦仁肉圓,https://maps.google.com/?cid=2977219638895410147,AiPing Hu,老店，已經吃了近20年，蝦仁新鮮，皮Q，肉羹也好吃。,"蝦仁,　皮Q,　肉羹,"
337,下大道蘭米糕,https://maps.google.com/?cid=3085742664717935776,Aisha Lee,這米糕的米粒口感深得我心啊啊啊啊啊啊～,"米糕,　米粒,　口感,　心,"
338,松村煙燻滷味（台南市中西區成功路鴨母寮市場內）,https://maps.google.com/?cid=17886403675863788699,AISIN,鴨翅，雞珍好吃,"鴨翅,　雞珍,"
339,鄭記碗粿,https://maps.google.com/?cid=12075063429432027155,Aixson Chung,很好吃的小店，碗糕軟Q，醬汁超好吃,"小店,　碗糕,　醬汁,"
340,永林綜合料理台南本店 Yonlin Restaurant,https://maps.google.com/?cid=1821795297087644639,aiya huang,特級牛肉很嫩、湯頭偏清淡,"牛肉,　湯頭,"
341,榮盛點心,https://maps.google.com/?cid=3001757988839766067,AIYA Huang,肉燥不油也不鹹，差點吃了第二碗！,"肉燥,　油,"
342,榮盛點心,https://maps.google.com/?cid=3001757988839766067,AIYA Huang,米糕有驚豔到！,"米糕,"
343,永林綜合料理台南本店 Yonlin Restaurant,https://maps.google.com/?cid=1821795297087644639,aiya huang,是會越煮越好喝,
344,保哥黑輪,https://maps.google.com/?cid=3365612770392452255,AJ Lin,聞香而來，滿好吃的，炒泡麵,"泡麵,"
345,牛肉の場牛肉湯,https://maps.google.com/?cid=564241710574152891,AJ W,吃了十幾年的好味道,"味道,"
346,台南武廟肉圓,https://maps.google.com/?cid=11038298782733184496,AJi Lo,蒸的Q彈的外皮加上鹹香的醬料與蒜泥 非常好吃！,"Q彈,　外皮,　醬料,　蒜泥 ,"
347,永樂燒肉飯,https://maps.google.com/?cid=12870522972202398919,AJi Lo,烤肉充滿炭烤香氣 搭配鹹香的筍片跟沙拉 非常滿足,"烤肉,　香氣,　筍片,　沙拉,"
348,庫肯花園餐廳,https://maps.google.com/?cid=10712809662783419876,AJun Lin,口味還不錯。,"口味,"
349,康樂街牛肉湯,https://maps.google.com/?cid=10042803244159790580,Akair Iori,不同於大多台南牛肉湯的濃郁高湯， 入口有淡淡的真菌香氣及微微蔬果酸， 牛肉不柴,"牛肉湯,　高湯,　真菌,　香氣,　蔬果酸,　牛肉,　柴,"
350,康樂街牛肉湯,https://maps.google.com/?cid=10042803244159790580,Akair Iori,停筷後會有絲絲回甘,"筷,"
351,段純貞-台南小西門店,https://maps.google.com/?cid=11596185374629707918,akamuro,牛肉麵很香，口味不錯 剛好在附近有拿到折價卷的傳單 送兩杯飲料跟紅油抄手 很大方,"牛肉麵,　口味,　折價卷,　傳單,　飲料,　紅油,"
352,修安扁擔豆花 Xiu'an Douhua,https://maps.google.com/?cid=14370769965288900932,AKANE WANG,好吃又滑順入口的豆花，冬天有限定紅豆湯喔,"豆花,　紅豆湯,"
353,榮盛點心,https://maps.google.com/?cid=3001757988839766067,AKANE WANG,套餐的米糕是大碗的，米糕是不黏膩的，醬汁濕潤米糕好吃 ,"套餐,　米糕,　碗,　米糕,　醬汁,　米糕,"
354,萬川號餅舖,https://maps.google.com/?cid=1235390345844112343,AKANE WANG,古味傳統糕餅和許多相關好味道的古早味,"古味,　糕餅,　味道,　古早味,"
355,江川肉燥飯,https://maps.google.com/?cid=16826961460448539171,AKANE WANG,肉燥飯超香的還超黏唇，滷排非常好吃,"肉燥飯,　唇,　滷排,"
356,Bark露天茶飲酒吧 台南海安店,https://maps.google.com/?cid=12166400846712568382,Akane張茜,店長nice 調酒好喝～,"店長,"
357,赤崁棺材板,https://maps.google.com/?cid=1322526713838872754,Akari Lin,外皮酥脆內餡濃湯偏甜，台南口味！,"外皮,　內餡,　濃湯,　口味,"
358,赤崁棺材板,https://maps.google.com/?cid=1322526713838872754,Akari Lin,好吃！,
359,密密一鍋,https://maps.google.com/?cid=17626407725738455795,AKA跳跳喵,吃起來感覺很養生又不至於沒味道的兩種火鍋！,"味道,　火鍋,"
360,八寶彬圓仔惠,https://maps.google.com/?cid=6395193438007342432,AKA跳跳喵,用料實在,"用料,"
361,赤崁糖原糖概念館,https://maps.google.com/?cid=11902902068231864997,Akene (Akene),超讚大推，東西實在天然又好吃,"東西,"
362,再發號百年肉粽,https://maps.google.com/?cid=16221108663322875580,aki Chen,料多實在，香Q可口,"料,　香Q,"
363,阿卿杏仁茶,https://maps.google.com/?cid=1984915811519197151,akiko huang,非常純正的傳統美食，濃純香,"美食,"
364,永樂燒肉飯,https://maps.google.com/?cid=12870522972202398919,Akira T.,燒肉香氣十足,"香氣,"
365,泉成點心店,https://maps.google.com/?cid=16753377685690227957,Akira T.,早餐可以吃到的道地魚漿製品和炸物,"早餐,　魚漿,　製品,　炸物,"
366,康樂街牛肉湯,https://maps.google.com/?cid=10042803244159790580,Akirin,牛肉肉燥飯不錯！,"牛肉,　肉燥飯,"
367,鄭記碗粿,https://maps.google.com/?cid=12075063429432027155,akk akkss,感覺在地人比觀光客多，碗粿醬汁加蒜蓉很對味，魚羹也清甜好喝,"在地人,　觀光客,　碗粿,　醬汁,　蒜蓉,　魚羹,"
368,湯婆婆拉麵,https://maps.google.com/?cid=17292149531971948346,Alan,拉麵好吃  還有免費的一大壺飲料可以喝!,"拉麵,　壺,　飲料,"
369,陳記真正紅燒土魠,https://maps.google.com/?cid=12156867177173377067,Alan,好吃，傳統口味,"口味,"
370,感性魯味,https://maps.google.com/?cid=11087441934800256013,Alan Alan,滷味千萬首選感性！,"滷味,"
371,森茂碗粿,https://maps.google.com/?cid=3577803294514236899,Alan Alan,現在冷藏宅配到台北都恢復正常了 來自台南的家鄉味 森茂碗粿.手工虱目魚丸.貢丸.魚羹粒.自製辣椒醬 一解家鄉愁，台南的碗粿就是要加上滿滿的醬阿，真正的米其林好吃！,"家鄉味,　碗粿,　手工,　虱目魚丸,　貢丸,　魚羹粒,　辣椒醬,　家鄉愁,　碗粿,　醬,"
372,福記肉圓總店,https://maps.google.com/?cid=2921609069227325458,Alan Alan,從小吃到大的肉圓，現在2粒44塊 醬汁都是店家傳承手工的老味道  大骨湯鮮甜加上店家提供的芹菜一絕 ,"肉圓,　店家,　手工,　味道,　大骨湯,　店家,　芹菜,　一絕,"
373,森茂碗粿,https://maps.google.com/?cid=3577803294514236899,Alan Alan,#味道依舊沒變！,"味道,"
374,阿憨鹹粥,https://maps.google.com/?cid=18403622981394011257,Alan Chang,台南人的早餐，魚腸鮮味，魚肚軟嫩。,"台南人,　早餐,　魚腸,　魚肚,"
375,永林綜合料理台南本店 Yonlin Restaurant,https://maps.google.com/?cid=1821795297087644639,Alan Chen,溫體牛肉非常嫩,"牛肉,"
376,密密一鍋,https://maps.google.com/?cid=17626407725738455795,Alan Chen,推「鈣鍋」,"鈣鍋,"
377,千香麥香雞專賣店（東安後甲店）,https://maps.google.com/?cid=659452458826695156,Alan Chen,推「泡菜蛋餅」,"泡菜,　蛋餅,"
378,台南武廟肉圓,https://maps.google.com/?cid=11038298782733184496,Alan Chen,皮Q嫩，陷紮實，醬美味,"皮,　醬,"
379,再發號百年肉粽,https://maps.google.com/?cid=16221108663322875580,ALAN CHEN,"實實在在的傳統美味,物美價廉的消費,每次到台南必定要買的食物","美味,　消費,　食物,"
380,奇美咖啡館 成大門市,https://maps.google.com/?cid=13269541068725444544,Alan Chen,推「松阪豬燉飯」,"豬燉飯,"
381,小公園擔仔麵,https://maps.google.com/?cid=12914543519968009999,Alan Hu,這才是真正的擔仔麵，湯頭香、滷蛋很入味，平民饗宴！,"擔仔麵,　湯頭,　香,　滷蛋,　平民,　饗宴,"
382,鄭記碗粿,https://maps.google.com/?cid=12075063429432027155,Alan Huang,每次來都要吃一碗魚羹跟碗粿,"魚羹,　碗粿,"
383,寶來香餅鋪,https://maps.google.com/?cid=13429862521283980942,Alan Kou,凸餅、鳳梨酥、綠豆凸都十分有古早味，其中凸餅十分美味！,"凸餅,　鳳梨酥,　綠豆凸,　古早味,　凸餅,"
384,修安扁擔豆花 Xiu'an Douhua,https://maps.google.com/?cid=14370769965288900932,Alan Lee,豆花綿密紮實，入口豆香味足,"豆花,　口,　豆,　味,"
385,上海好味道小籠湯包,https://maps.google.com/?cid=14677416712723879598,Alan Lei,湯包一級棒！,"湯包,"
386,阿鳳浮水虱目魚羹,https://maps.google.com/?cid=8294065933744534217,Alan Li,魚丸本身很好吃喔,"魚丸,"
387,台南武廟肉圓,https://maps.google.com/?cid=11038298782733184496,Alan Liu,外皮的部分蒸的蠻Q彈的,"外皮,"
388,松仔腳燒烤海產,https://maps.google.com/?cid=1079582180413353932,Alan Lu,"烤雞腿及蛋烤花枝好吃,","烤,　雞腿,　蛋,　花枝,"
389,葉家小卷米粉,https://maps.google.com/?cid=9590103266872809101,Alan ryh ming,非常好吃甘甜，,
390,榮盛點心,https://maps.google.com/?cid=3001757988839766067,Alan Sun,好吃的米糕,"米糕,"
391,阿憨鹹粥,https://maps.google.com/?cid=18403622981394011257,Alan Sun,台南庶民美食，值得推薦 一定要加點油條哦,"庶民,　美食,　油條,"
392,八寶彬圓仔惠,https://maps.google.com/?cid=6395193438007342432,Alan Tai,傳統味的八寶冰，推薦芋泥、湯圓,"傳統味,　八寶,　冰,　芋泥,　湯圓,"
393,福生小食店,https://maps.google.com/?cid=2356601144562403947,Alan Tai,台南風味的古早味，推薦魚皮湯、米糕,"風味,　古早味,　魚皮湯,　米糕,"
394,台南武廟肉圓,https://maps.google.com/?cid=11038298782733184496,Alan Tsai,幾次想要嘗試一下 每次都有原因而失敗  今天第一口吃到後有點驚訝，內餡肉非常紮實 外皮也容易撕開 加入提供的芥末 口味絕配！,"原因,　內餡,　肉,　外皮,　芥末 ,　口味,　絕配,"
395,台南武廟肉圓,https://maps.google.com/?cid=11038298782733184496,Alan Tsai,四神湯清甜   絕對推薦的店！,"神,　湯,"
396,體育公園杏仁豆腐冰,https://maps.google.com/?cid=14898437530048661783,alan tsai,台南體育公園杏仁豆腐冰，杏仁豆腐加冰再淋上ㄧ大匙自家熬煮糖水，就是ㄧ碗古早味杏仁豆腐冰，完全是小時候吃過的經典風味。,"體育,　杏仁,　豆腐,　冰,　杏仁,　豆腐,　冰,　糖水,　古早味,　杏仁,　豆腐,　冰,　經典,　風味,"
397,榮盛點心,https://maps.google.com/?cid=3001757988839766067,alan tsai,榮盛米糕，阿財香腸熟肉，到台南第一時間來此報到無誤。,"米糕,　香腸,　熟,　肉,　時間,"
398,莊子土豆仁湯,https://maps.google.com/?cid=3179863068037388557,Alan Tseng,這應該是台南市區裡排名前三名的花生湯了，花生煮的鬆軟綿密，搭配圓仔，是天冷時的好選擇；不喜歡太甜的人，有不同的甜度可以選擇，只是不甜的話又怎麼能算是台南的美食呢？尤其是在這個連空氣都是甜的城市裡！,"花生湯,　花生,　圓仔,　天,　人,　甜度,　美食,　空氣,"
399,慶中街豬血湯,https://maps.google.com/?cid=6588740842697162999,Alan Wang,非常喜歡炒米粉，真的是巷弄美食,"巷弄,　美食,"
400,修安扁擔豆花 Xiu'an Douhua,https://maps.google.com/?cid=14370769965288900932,Alan Yang,冰和花生湯都太甜，吃一口就放棄了....！,"冰,　花生湯,"
401,The Sober Foodie 食上主義餐酒館,https://maps.google.com/?cid=46958090805535498,Alan Yo,推奶油松露野菇燉飯、炸牡蠣生菜沙拉、香煎無骨牛小排。,"奶油,　松露,　野菇,　牡蠣,　生菜,　沙拉,　牛小排,"
402,品蓬咖啡,https://maps.google.com/?cid=7153735050651251055,Alan Yo,2020/6  很用心的老闆，單品咖啡及拿鐵都超專業，還有老闆的冰釀咖啡順口回甘，時節對了還有外面蘋婆樹果實所做的蘋婆派可吃，下次回台南一定要再去。！～,"老闆,　單品,　咖啡,　拿鐵,　老闆,　咖啡,　時節,　蘋婆樹,　果實,　蘋婆派,"
403,阿美飯店,https://maps.google.com/?cid=17318390011116197475,Alanis Wu,八人的合菜 四碟冷盤 烏魚子 蝦仁羹 紅蟳米糕 乾炒鱔魚 桂花干貝 砂鍋鴨 布丁 八寶挫冰  每一道都100分!~,"人,　合菜,　碟,　冷盤,　烏魚子,　蝦仁,　羹,　紅蟳,　米糕,　鱔魚,　桂花,　干貝,　砂鍋,　鴨,　布丁,　八寶,"
404,The Sober Foodie 食上主義餐酒館,https://maps.google.com/?cid=46958090805535498,Albee Hung,看著評論點餐不會錯  辣椒蒜香蝦、蒜蓉蝦義大利麵、白蘭地蘋果、七股炸牡蠣沙拉、無骨牛小排、英式炸魚排、當日壽星三個願望shot   訂位系統寫：有消費酒類就不限用餐時間，不過還是有被多次提醒&換位子⋯,"評論,　辣椒,　蒜香,　蝦,　蒜蓉蝦,　義大利麵,　白蘭地,　蘋果,　牡蠣,　沙拉,　骨,　牛小排,　炸魚排,　壽星,　願望,　系統,　消費,　酒類,　時間,　位子,"
405,下大道蘭米糕,https://maps.google.com/?cid=3085742664717935776,Albee Jhang,近保安市場的傳統米糕店 不像一般米糕是罐子形狀，下大道蘭米糕是像油飯一樣開放式的 淋上鹹香滷汁、滿滿魚鬆～,"保安,　米糕,　罐子,　形狀,　大道蘭,　米糕,　油飯,　滷汁,　魚鬆,"
406,下大道蘭米糕,https://maps.google.com/?cid=3085742664717935776,Albee Jhang,米粒口感Q彈、濕潤不噎嘴 大力推薦的美味！～,"米粒,　口感,　嘴,　美味,"
407,下大道蘭米糕,https://maps.google.com/?cid=3085742664717935776,Albee Jhang,四神湯頭較清淡，不過薏仁很飽滿！,"神,　湯頭,　薏仁,"
408,阿美飯店,https://maps.google.com/?cid=17318390011116197475,Albert Chang,好吃，不會輸阿霞飯店，而且吃完不會口渴，只有大大的滿足和快要爆炸的胃！,"胃,"
409,老鄧牛肉麵,https://maps.google.com/?cid=9779804409540351008,Albert Chuang,"牛肉麵和湯頭都很好, 它的牛肉滷味更是讓人口水直流...成大人必吃的好美味!","牛肉麵,　湯頭,　牛肉,　滷味,　人,　口水,"
410,再發號百年肉粽,https://maps.google.com/?cid=16221108663322875580,Albert Lin,台南最強肉粽！,"肉粽,"
411,千香麥香雞專賣店（東安後甲店）,https://maps.google.com/?cid=659452458826695156,Albert Sun,以早餐店來說，可以算好吃了。,
412,官記臭豆腐,https://maps.google.com/?cid=461624691525689870,Albert Tan,臭豆腐很特別 外酥內軟 好吃,"臭豆腐,"
413,老鄧牛肉麵,https://maps.google.com/?cid=9779804409540351008,Albert Tsai,麵好湯濃肉大塊,"麵,　湯,　濃肉,"
414,密密一鍋,https://maps.google.com/?cid=17626407725738455795,Albert Tsai,不想爆汗，大力推薦麻辣湯頭，保證夠麻夠香～,"湯頭,"
415,八寶彬圓仔惠,https://maps.google.com/?cid=6395193438007342432,Albert Wang,好吃的冰品 配料都很好吃 特別的是把熬芋頭的湯汁澆在冰上 吃冰時有芋頭香味 還有圓仔一定要點喔,"冰品,　配料,　芋頭,　湯汁,　冰,　冰,　芋頭,　香味,　圓仔,"
416,泰成水果店,https://maps.google.com/?cid=8483142696291736422,Albert Wang,下午才開喔 當季是哈密瓜水果冰 讚！,"哈密瓜,　水果,　冰,"
417,美勝珍蜜餞,https://maps.google.com/?cid=11804574529212485746,Albert Wang,老字號的蜜餞店，芒果乾非常棒！,"老字號,　芒果乾,"
418,感性魯味,https://maps.google.com/?cid=11087441934800256013,Alberta Hsiao,超好吃的！,
419,榮盛點心,https://maps.google.com/?cid=3001757988839766067,Alec Chen,每碗米糕都是現場裝料擺飾，手藝精緻，食物美味～,"米糕,　裝料,　擺飾,　手藝,　食物,"
420,永林綜合料理台南本店 Yonlin Restaurant,https://maps.google.com/?cid=1821795297087644639,Aleck Chang,可以享受道地的台南溫體牛肉火鍋，海鮮也很新鮮,"牛肉,　火鍋,　海鮮,"
421,姚燒鳥,https://maps.google.com/?cid=15441540745901604575,Alen Hsieh,非常非常好吃有蜜汁跟椒鹽兩種口味,"蜜汁,　椒鹽,　口味,"
422,友誠蝦仁肉圓,https://maps.google.com/?cid=2977219638895410147,Alen Hsieh,三十幾年的好味道,"味道,"
423,羊城小食店,https://maps.google.com/?cid=15687540502183904477,alen wang,油雞是一絕！,"油雞,　一絕,"
424,葉家小卷米粉,https://maps.google.com/?cid=9590103266872809101,Alex,小卷確實Q彈好吃，,"小卷,"
425,羊城小食店,https://maps.google.com/?cid=15687540502183904477,ALEX ADAMS,府城的傳統味道在這裡延續保存了下來，尤其是著名的油雞非吃不可,"味道,　油雞,"
426,台南市牛家莊牛肉湯,https://maps.google.com/?cid=11787861772799542663,Alex Chang,湯的口味是清甜的，感覺上比較單純是牛肉的甜味，我覺得很好喝。,"湯,　口味,　感覺,　牛肉,　甜味,"
427,台南市牛家莊牛肉湯,https://maps.google.com/?cid=11787861772799542663,Alex Chang,芥蘭炒牛肉的部分，應該是我吃到現在的這幾家裡面算是前段班的，牛肉嫩，芥蘭不老，口味非常好。,"芥蘭,　牛肉,　牛肉,　芥蘭,　口味,"
428,下大道蘭米糕,https://maps.google.com/?cid=3085742664717935776,Alex Chang,米糕好吃，尤其推薦再來個肉燥油條，當然滷蛋也行，米糕真的激推,"米糕,　肉燥,　油條,　滷蛋,　米糕,"
429,伊莉的店 慶中街店,https://maps.google.com/?cid=1626581892569739763,Alex Chen,很有家庭氛圍的早餐店，食材乾淨，內容豐富健康，均衡營養的最佳選擇,"家庭,　氛圍,　食材,　內容,　營養,"
430,落成米糕,https://maps.google.com/?cid=5753912611252533761,Alex Hsueh,米糕搭配四神湯，美味！,"米糕,　四,　神,　湯,"
431,森茂碗粿,https://maps.google.com/?cid=3577803294514236899,Alex Huang,"口味和熱門那幾間碗粿比較不大一樣,口感還是不錯","口味,　碗粿,　口感,"
432,保安路米糕,https://maps.google.com/?cid=17639707612973388449,Alex Huang,"糯米Q滷汁香,魚皮湯也很道地!","糯米Q,　滷,　汁,　魚皮湯,"
433,榮盛點心,https://maps.google.com/?cid=3001757988839766067,Alex Huang,滷汁味道很香!,"滷汁,　味道,"
434,台南小南碗粿,https://maps.google.com/?cid=1190653234485692721,Alex Huang,"料很豐富,值得一試","料,"
435,慶中街郭家綠豆湯（總店）,https://maps.google.com/?cid=10404317143240317116,Alex Huang,好喝不甜的綠豆薏仁湯，粉角有特色,"綠豆,　薏仁,　湯,　粉角,　特色,"
436,古都碗粿 東門總店,https://maps.google.com/?cid=9340173790570036819,Alex Taiwan,好吃的浮水魚羹,"浮水魚羹,"
437,上海好味道小籠湯包,https://maps.google.com/?cid=14677416712723879598,Alex Taiwan,小籠湯包好吃，油汁豐富，一口咬下，美味!,"湯包,　油,　汁,"
438,慶中街郭家綠豆湯（總店）,https://maps.google.com/?cid=10404317143240317116,Alex Taiwan,綠豆湯的餡料豐富，夏天消暑良品,"綠豆湯,　餡料,　良品,"
439,連得堂煎餅,https://maps.google.com/?cid=11005477751414286542,Alex Taiwan,酥脆的煎餅 只可惜每人每日限定,"煎餅,　人,"
440,銀座日式料理,https://maps.google.com/?cid=13741527321531372261,Alex Taiwan,料理好吃，食材新鮮,"料理,　食材,"
441,轉角餐廳 Corner Steak House,https://maps.google.com/?cid=16710121115918595409,Alex Taiwan,東西好吃，不過是走高檔的路線,"東西,　高檔,　路線,"
442,饗食天堂 台南店,https://maps.google.com/?cid=17078358752954324711,alex Tsai,甜點種類多而味美，還會依照季節調整項目，比某些五星級飯店還好，怕胖或減肥中的朋友，不建議去考驗自己的決心！,"甜點,　種類,　味,　季節,　項目,　五星級,　朋友,　決心,"
443,台南蔡虱目魚專賣店,https://maps.google.com/?cid=2928269917123627414,alex tsai,真的是國民美食！,"國民,　美食,"
444,品蓬咖啡,https://maps.google.com/?cid=7153735050651251055,Alex Wang,很用心做咖啡 單品好喝,"咖啡 ,　單品,"
445,石精臼蚵仔煎,https://maps.google.com/?cid=14621166659351077076,Alex Yong,"脆的外皮加美味的漿汁,好吃!","外皮,　漿汁,"
446,轉角餐廳 Corner Steak House,https://maps.google.com/?cid=16710121115918595409,alexander hwang,份量很大，肉質好,"份量,　肉質,"
447,鄭記碗粿,https://maps.google.com/?cid=12075063429432027155,Alfa Ash,羹湯清爽好喝（不是甜的）。,"羹湯,"
448,鄭記碗粿,https://maps.google.com/?cid=12075063429432027155,Alfa Ash,碗粿裡有包肉和蛋黃，非常好吃的傳統古早味。,"碗粿,　包肉,　蛋黃,　古早味,"
449,落成米糕,https://maps.google.com/?cid=5753912611252533761,Alfie Wu,米糕好吃 小黃瓜好吃 湯好喝,"米糕,　小黃瓜,　湯,"
450,阿松割包,https://maps.google.com/?cid=16224467504112149689,Alfred,要早點到才有豬舌口味  瘦肉也是非常好吃 花生味香的麻醬順口清爽,"豬舌,　口味,　瘦肉,　花生,　味,　麻醬,"
451,福生小食店,https://maps.google.com/?cid=2356601144562403947,Alfred Lai,魚皮湯真的太厲害了....,"魚皮湯,"
452,泉成點心店,https://maps.google.com/?cid=16753377685690227957,Alfyn Chueh,當日現炸新鮮美味，吃得到傳統市場的活力！,"活力,"
453,阿美飯店,https://maps.google.com/?cid=17318390011116197475,Alger Yang,最好吃是鱔魚。,"鱔魚,"
454,安徒生咖啡館,https://maps.google.com/?cid=8214096608749395829,Alice,豬腳套餐不錯，,"豬腳,　套餐,"
455,庫肯花園餐廳,https://maps.google.com/?cid=10712809662783419876,Alice,餐點不錯吃！,"餐點,"
456,保哥黑輪,https://maps.google.com/?cid=3365612770392452255,Alice,喜歡炒泡麵的口味 裡面也放了很多肉絲跟黑輪,"泡麵,　口味,　肉絲,　黑輪,"
457,泰成水果店,https://maps.google.com/?cid=8483142696291736422,Alice,好吃，,
458,阿銘鱔魚意麵,https://maps.google.com/?cid=12097860772526071988,Alice (Alice),好吃，很推 鱔魚口感實足 意麵很有嚼勁蠻有特色的 每次回來台南都會來吃～,"鱔魚,　口感,　意麵,　嚼勁,　特色,"
459,赤崁棺材板,https://maps.google.com/?cid=1322526713838872754,Alice Chan,我覺得很好吃 內餡白醬調味的不錯 外層吐司酥脆 這樣的組合不可能難吃 店內有歷史的痕跡，推薦可以來品嚐看看 ,"內餡,　白醬,　吐司,　組合,　歷史,　痕跡,"
460,阿卿杏仁茶,https://maps.google.com/?cid=1984915811519197151,Alice Chang,濃稠好喝，杏仁味超級香～,"杏仁味,"
461,阿卿杏仁茶,https://maps.google.com/?cid=1984915811519197151,Alice Chang,夏天喝冰的超解暑，飽足感很夠，中杯兩人分剛剛好，大杯會吃不下其他的食物，真心推一波 ！～,"飽足感,　人,　分,　杯,　食物,"
462,福記肉圓總店,https://maps.google.com/?cid=2921609069227325458,Alice Chen,清蒸的肉圓 清爽入口，一份兩顆42元，很適合當點心!,"肉圓,　點心,"
463,冬瓜寶冬瓜茶冷飲專賣店,https://maps.google.com/?cid=4485031190234671674,Alice Chen,矮仔成對面的冬瓜專賣店，門口就有燉煮的大鍋，喝了冬瓜茶加山粉圓，冬瓜香氣濃郁，有淡淡的煙燻味，山粉圓綜合了冬瓜的甜，十分好喝,"矮仔,　冬瓜,　大鍋,　冬瓜,　茶,　山粉圓,　冬瓜,　香氣,　煙燻味,　山粉圓,　冬瓜,"
464,毛丼 丼飯專門店,https://maps.google.com/?cid=280634054031909982,Alice Hsu,招牌毛丼分量沒有想像的多 女生一個人吃得完,"招牌,　毛丼,　分量,　女生,　人,"
465,毛丼 丼飯專門店,https://maps.google.com/?cid=280634054031909982,Alice Hsu,丼飯不錯,"丼飯,"
466,阿美飯店,https://maps.google.com/?cid=17318390011116197475,Alice Hsu,砂鍋鴨和紅蟳米糕實在太美味了～,"砂鍋鴨,　紅蟳,　米糕,"
467,阿美飯店,https://maps.google.com/?cid=17318390011116197475,Alice Hsu,炒意麵和鱘丸拼盤也很棒！～,"鱘丸,　拼盤,"
468,度小月原始店Du Hsiao Yueh Original Restaurant,https://maps.google.com/?cid=10344657079432085675,Alice Huang,2020.12.20 觀光客吃的餐廳，乾麵滷+滷蛋不錯吃 ,"觀光客,　乾麵,　滷蛋,"
469,福記肉圓總店,https://maps.google.com/?cid=2921609069227325458,Alice Huang,2020.12.20 清蒸肉圓，好吃  座位有ㄧ二樓 吃完肉圓可以喝大骨湯，好喝！,"肉圓,　座位,　肉圓,　大骨湯,"
470,克林台包,https://maps.google.com/?cid=8900202290878478045,Alice Huang,2020.12.20 包子熱熱現場吃還蠻好吃的 ,"包子,"
471,夏家手工魚麵,https://maps.google.com/?cid=7885713323066056340,Alice Huang,滿滿的魚香味在嘴裡爆開，鮮美好吃,"魚香味,　嘴,"
472,葉家小卷米粉,https://maps.google.com/?cid=9590103266872809101,Alice Jang,小卷很新鮮，,"小卷,"
473,阿卿杏仁茶,https://maps.google.com/?cid=1984915811519197151,alice ko,熱杏仁茶配油條不錯,"杏仁茶,　油條,"
474,杜蝦仁肉丸,https://maps.google.com/?cid=16620884247839663270,alice lin,喜歡吃蒜味重的大推 裡頭的肉粽味道也很夠,"蒜味,　肉粽,　味道,"
475,The Sober Foodie 食上主義餐酒館,https://maps.google.com/?cid=46958090805535498,Alice LIU,餐點好吃,"餐點,"
476,八寶彬圓仔惠,https://maps.google.com/?cid=6395193438007342432,Alice Liu,湯圓、芋頭好吃，其他配料也都各有滋味！,"湯圓,　芋頭,　配料,　滋味,"
477,修安扁擔豆花 Xiu'an Douhua,https://maps.google.com/?cid=14370769965288900932,alice shih,好吃，綜合豆花65元。,"豆花,"
478,舊來發餅舖since1875,https://maps.google.com/?cid=12999185980653068701,alice tu,傳統餅店，麻老好吃，麵粉酥也好吃，碰餅真好吃！,"麵粉,"
479,修安扁擔豆花 Xiu'an Douhua,https://maps.google.com/?cid=14370769965288900932,Alice Yin,粉粿很Q，,"粉粿,"
480,赤崁棺材板,https://maps.google.com/?cid=1322526713838872754,Alice Yu,棺材板吐司真的超級酥脆，吃過那麼多間這家嘴酥！,"棺材板,　吐司,　家,　嘴酥,"
481,赤崁棺材板,https://maps.google.com/?cid=1322526713838872754,Alice Yu,- 吃鱔魚意麵一定要有勾芡的，意麵吸附滿滿的醬汁，好喜歡這種酸酸甜甜的口味！,"鱔魚,　意麵,　意麵,　醬汁,　口味,"
482,台南市牛家莊牛肉湯,https://maps.google.com/?cid=11787861772799542663,Aliceee,牛肉很嫩 服務很好 蔥爆牛肉很香 下飯,"牛肉,　蔥爆,　牛肉,"
483,品蓬咖啡,https://maps.google.com/?cid=7153735050651251055,Alicia Lin,玫瑰乳酪也超美味唷！～,"玫瑰,　乳酪,"
484,密密一鍋,https://maps.google.com/?cid=17626407725738455795,Alicia已上線,麻辣鍋跟鈣骨鍋 兩種湯頭都好吃 好吃到整鍋吃光光  紅茶也很好喝 ,"麻辣鍋,　鈣骨鍋,　湯頭,　紅茶,"
485,鎮傳四神湯,https://maps.google.com/?cid=1264838447157979212,Alidia Lee,真心覺得很好吃 任何東西都沒有腥味 湯頭滋味好 外地來連續喝兩天～,"東西,　腥味,　湯頭,　滋味,"
486,阿娟咖哩飯鴨肉羹,https://maps.google.com/?cid=16483775389809214836,Alidia Lee,紅蘿蔔馬鈴薯都有燉爛 ,"紅蘿蔔,　馬鈴薯,"
487,連得堂煎餅,https://maps.google.com/?cid=11005477751414286542,Alisa Ho,是味噌讓人一口接一口  是可以回購的店家,"味噌,　人,　店家,"
488,連得堂煎餅,https://maps.google.com/?cid=11005477751414286542,Alisia Tseng,煎餅，喜歡古早味味噌和原味的，店家有提供試吃喔。,"煎餅,　古早味,　味噌,　原味,　店家,"
489,泰成水果店,https://maps.google.com/?cid=8483142696291736422,Allen Han,水果很新鮮，東西也很好吃，,"水果,　東西,"
490,邱家小卷米粉,https://maps.google.com/?cid=10680033776338744119,Allen Han,小卷相當新鮮，脆脆又入口即化，湯頭也是非常鮮美。,"小卷,　湯頭,"
491,阿鳳浮水虱目魚羹,https://maps.google.com/?cid=8294065933744534217,Allen Hsiao,虱目魚羹料多實在，羹塊裡吃的到完整魚肉。,"虱目魚,　羹,　料,　羹塊,　魚肉,"
492,庫肯花園餐廳,https://maps.google.com/?cid=10712809662783419876,Allen Huang,義大利麵的口味蠻特別，也很好吃。,"義大利麵,　口味,"
493,The Sober Foodie 食上主義餐酒館,https://maps.google.com/?cid=46958090805535498,Allen Kao,義大利麵及燉飯調味都很不錯！,"義大利麵,　燉飯,"
494,石精臼蚵仔煎,https://maps.google.com/?cid=14621166659351077076,Allen Kao,湯飯的香菇用料實在，,"湯,　飯,　香菇,　用料,"
495,伊莉的店 慶中街店,https://maps.google.com/?cid=1626581892569739763,Allen Kao,薄餅推薦！,"薄餅,"
496,福泰飯桌 第三代,https://maps.google.com/?cid=318735298139701504,Allen Kao,怎麼點都好吃，紅燒肉還有筍子湯！,"紅燒肉,　筍子湯,"
497,阿鳳浮水虱目魚羹,https://maps.google.com/?cid=8294065933744534217,Allen Lai,魚丸吃得到魚肉，,"魚丸,　魚肉,"
498,莉莉水果店,https://maps.google.com/?cid=11220780884503943427,Allen Lai,水果布丁牛乳冰水果種類多，布丁還不錯，,"水果,　布丁,　牛乳,　水果,　種類,　布丁,"
499,下大道蘭米糕,https://maps.google.com/?cid=3085742664717935776,Allen Lai,魯丸可以當成醬油小魚丸，便宜，可以點來嘗鮮。,"魯丸,　醬油,　魚丸,"
500,牛肉の場牛肉湯,https://maps.google.com/?cid=564241710574152891,Allen Lai,湯很鮮醇，牛肉很軟嫩，雖然沒什麼客人，,"湯,　牛肉,　客人,"
501,阿鳳浮水虱目魚羹,https://maps.google.com/?cid=8294065933744534217,Allen Liu (Formosan),魚羹真的不錯，,"魚羹,"
502,落成米糕,https://maps.google.com/?cid=5753912611252533761,Allen Liu (Formosan),米糕確實好吃！,"米糕,"
503,保安路米糕,https://maps.google.com/?cid=17639707612973388449,Allen Liu (Formosan),米糕好吃。,"米糕,"
504,段純貞-台南小西門店,https://maps.google.com/?cid=11596185374629707918,Allen Pan,好好吃，每天都要吃一碗段純真牛肉麵,"牛肉麵,"
505,杜蝦仁肉丸,https://maps.google.com/?cid=16620884247839663270,Allen Steven,肉圓不行,"肉圓,"
506,永樂燒肉飯,https://maps.google.com/?cid=12870522972202398919,Allen Su,是不柴，好吃,"柴,"
507,大同包子店,https://maps.google.com/?cid=13443748248752428575,Allen Tsai,有歷史的包子店，福州式的煎餃不錯吃，多元餡料的饅頭，宛如另類台式漢堡。,"歷史,　包子店,　煎餃,　餡料,　饅頭,　漢堡,"
508,上富小吃店,https://maps.google.com/?cid=13284853645618306766,Allen Tsai,這家從小吃到大，生意超好，中食的內容很棒，排骨飯和咖哩飯也不錯。,"生意,　中食,　內容,　排骨飯,　咖哩飯,"
509,上富小吃店,https://maps.google.com/?cid=13284853645618306766,Allen Tsai,今天太晚去，只剩炸肉飯，其實也是不錯吃啊！,"炸肉飯,"
510,德記古早味汕頭豆花,https://maps.google.com/?cid=7436778610756831781,Allen Wong,豆花很不錯吃！,"豆花,"
511,姚燒鳥,https://maps.google.com/?cid=15441540745901604575,Aloha Mavis,好吃 物美價廉 推薦蜜汁烤斑鳩～,"蜜汁,　斑鳩,"
512,小公園擔仔麵,https://maps.google.com/?cid=12914543519968009999,Alpha Lun,好吃，比度小月的為佳。,"度,"
513,老店 甘本堂蛋糕烘焙坊,https://maps.google.com/?cid=2022681788199344115,Anchi Hsu,蛋糕好吃順口不甜膩,"蛋糕,"
514,王家庄狀元粿,https://maps.google.com/?cid=15622133562429287637,Angela Chiang,這家真的不雷好吃！,
515,克林台包,https://maps.google.com/?cid=8900202290878478045,Annie Rung,我吃的是香菇包和德式香腸卷，好吃 好吃！,"香菇包,　香腸卷,"
516,克林台包,https://maps.google.com/?cid=8900202290878478045,Annie Rung,包子很好吃喔！,"包子,"
517,石精臼蚵仔煎,https://maps.google.com/?cid=14621166659351077076,Annie Wang,蚵仔煎跟香菇飯湯都料好實在，尤其是香菇飯湯超級推!,"蚵仔煎,　香菇,　飯湯,　香菇,　飯湯,"
518,阿卿杏仁茶,https://maps.google.com/?cid=1984915811519197151,Annie Wang,老闆娘很幽默，杏仁茶非常濃稠，味道很香很好喝！,"老闆娘,　杏仁茶,　味道,"
519,萬川號餅舖,https://maps.google.com/?cid=1235390345844112343,Annie Yen-Lin LIU,吃過好幾家的包子，還是最喜歡萬川的蛋黃肉包～,"包子,　蛋黃,　肉包,"
520,禧樂米糕,https://maps.google.com/?cid=958791387429998108,Annlu Chen,米糕是傳統口味，吃起來很香，,"米糕,　口味,"
521,夏家手工魚麵,https://maps.google.com/?cid=7885713323066056340,Anny Shen,手工魚麵當日現做， 滷魚丸小菜Q彈， 魚餃魚冊湯特別。,"手工,　魚麵,　 滷,　魚丸,　小菜,　 魚餃,　魚冊湯,"
522,順天冰棒,https://maps.google.com/?cid=18344077714362568249,Anny Wang,花生牛奶是招牌 檸檬 很清爽,"花生,　牛奶,　招牌,　檸檬,"
523,江川肉燥飯,https://maps.google.com/?cid=16826961460448539171,Anoli Dacom,來這邊大致上就是點肉燥飯加上一些或一堆小菜，價格不貴，飯菜味道也好，可以來試試。,"肉燥飯,　小菜,　價格,　飯菜,　味道,"
524,金得春捲,https://maps.google.com/?cid=1357540348893996520,Anoli Dacom,好吃喔，可以點看看,
525,福生小食店,https://maps.google.com/?cid=2356601144562403947,Anson Chen,米糕好吃，,"米糕,"
526,德記古早味汕頭豆花,https://maps.google.com/?cid=7436778610756831781,Anson Liao,"現場看她勺那個豆花也是蠻療癒的,然後立馬到座位上開吃,一吃不得了,這豆花完全吃的出豆香,這豆漿也是濃郁,豆香味加上豆香味太開心了~","勺,　豆花,　座位,　豆花,　豆,　香,　豆漿,　豆香味,　豆香味,"
527,上富小吃店,https://maps.google.com/?cid=13284853645618306766,ANSON YANG,排骨飯超多人點，就是控肉飯，晚來通常只會剩下炸肉飯，配菜就酸菜為主，簡單好吃,"排骨飯,　人,　控肉飯,　炸肉飯,　酸菜,"
528,福記肉圓總店,https://maps.google.com/?cid=2921609069227325458,ANSON YANG,從小時候吃到現在味道都沒變過，一樣都是瘦肉，醬料也一樣的不錯,"味道,　瘦肉,　醬料,"
529,府城大水缸,https://maps.google.com/?cid=17816800002886699880,ANSON YANG,桂花酸梅湯頗好喝的，酸梅還是烏梅呢,"桂花,　酸梅湯,　酸梅,　烏梅,"
530,泉成點心店,https://maps.google.com/?cid=16753377685690227957,ANSON YANG,必吃火燒蝦和花枝的炸物,"火燒,　蝦,　花枝,　炸物,"
531,永記虱目魚丸,https://maps.google.com/?cid=4554147371860831669,ANSON YANG,不會很膩一樣好吃，豬腸也不錯,"豬腸,"
532,台南小南碗粿,https://maps.google.com/?cid=1190653234485692721,answer chu,魚羹很好吃 碗糕我習慣吃白色肉燥那種的,"魚羹,　碗糕,　白色,　肉燥,"
533,萬川號餅舖,https://maps.google.com/?cid=1235390345844112343,answer chu,水晶角驚為天人的好吃 ,"水晶角,"
534,福生小食店,https://maps.google.com/?cid=2356601144562403947,ant,南部單純的口味，筍絲炒蛋很特別，吃起來很清爽～,"口味,　筍絲,　炒蛋,"
535,甜在心咖啡館,https://maps.google.com/?cid=3912110627948167947,Anthony Huang,好喝的咖啡，有用心挑豆就是不一樣 ;),"咖啡,　豆,"
536,邱家小卷米粉,https://maps.google.com/?cid=10680033776338744119,Anthony Lin,是吸滿了清甜的湯汁非常入味。,"湯汁,"
537,邱家小卷米粉,https://maps.google.com/?cid=10680033776338744119,Anthony Lin,小捲很新鮮，非常的脆彈；湯頭清甜帶股台南人偏好的甜味；米粉屬於粗米粉，,"小捲,　湯頭,　台南人,　甜味,　米粉,"
538,榮盛點心,https://maps.google.com/?cid=3001757988839766067,Anton Chang,米糕跟湯都很好吃。,"米糕,　湯,"
539,阿輝炒鱔魚,https://maps.google.com/?cid=13926895116005986026,Antonio Jeng,爽脆的炒鱔魚是台南炒法，點了蚵捲與蝦捲，麵衣酥脆搭配鮮甜內餡，唉！,"鱔魚,　炒法,　蚵捲,　蝦捲,　麵衣,　內餡,"
540,再發號百年肉粽,https://maps.google.com/?cid=16221108663322875580,aopy K,沒有花生的好吃肉粽,"花生,　肉粽,"
541,台南武廟肉圓,https://maps.google.com/?cid=11038298782733184496,Ape Matsa,超飽！,
542,台南武廟肉圓,https://maps.google.com/?cid=11038298782733184496,Ape Matsa,份量有夠大！,"份量,"
543,克林台包,https://maps.google.com/?cid=8900202290878478045,Apo Studio,吃了保證會愛上~,"保證,"
544,赤崁棺材板,https://maps.google.com/?cid=1322526713838872754,April Ho,雖有雞肉,"雞肉,"
545,台南市牛家莊牛肉湯,https://maps.google.com/?cid=11787861772799542663,April Hsiao,牛肉湯非常好喝，肉片軟嫩，吃得超飽超滿足。,"牛肉湯,　肉片,"
546,3皇3家文化店,https://maps.google.com/?cid=7837696819973573173,April Li,好吃,
547,永林綜合料理台南本店 Yonlin Restaurant,https://maps.google.com/?cid=1821795297087644639,April Li,非常新鮮的肉質！,"肉質,"
548,阿鳳浮水虱目魚羹,https://maps.google.com/?cid=8294065933744534217,April Li,好吃到爆！,
549,阿娟咖哩飯鴨肉羹,https://maps.google.com/?cid=16483775389809214836,April Li,平價小吃、好吃,"平價,　小吃,"
550,八寶彬圓仔惠,https://maps.google.com/?cid=6395193438007342432,April Lin,阿姨走求好心切style 芋頭現煮，圓仔好吃,"阿姨,　芋頭,　圓仔,"
551,邱家小卷米粉,https://maps.google.com/?cid=10680033776338744119,April Lin,小卷超級鮮甜超好吃！,"小卷,"
552,邱家小卷米粉,https://maps.google.com/?cid=10680033776338744119,April Lin,一吃完全驚豔！,
553,小方舟串燒酒場,https://maps.google.com/?cid=12014235395085196598,April Yeh,食物好吃！,"食物,"
554,22河粉,https://maps.google.com/?cid=11887614441990070890,April Yu,牛肉片給了8片算是有誠意。,"牛肉片,　誠意,"
555,陳記真正紅燒土魠,https://maps.google.com/?cid=12156867177173377067,Bonnie Chiu,𩵚魠魚非常好吃，湯頭清甜，CP值高,"𩵚魠魚,　湯頭,"
556,密密一鍋,https://maps.google.com/?cid=17626407725738455795,Carol Wu,最推薦麻辣鍋，絕對是台南第一  香氣十足、辣得很剛好，食材與肉品都很新鮮，店員服務態度親切，重點老闆很帥。,"麻辣鍋,　香氣,　食材,　肉品,　店員,　態度,　重點,　老闆,"
557,台南蔡虱目魚專賣店,https://maps.google.com/?cid=2928269917123627414,Dylan Chen,鱸魚味噌湯很好喝～,"鱸魚,　味噌湯,"
558,品蓬咖啡,https://maps.google.com/?cid=7153735050651251055,jende chen,單品咖啡的種類不少，我們點了卡布奇諾、拿鐵和一杯瓜地馬拉的單品咖啡，每一種口感都很好，肉桂蘋果鬆餅的餡是包在裡面，吃起來口感也不錯，服務態度也很好。,"單品,　咖啡,　種類,　卡布奇諾,　拿鐵,　單品,　咖啡,　口感,　肉桂,　蘋果,　鬆餅,　餡,　口感,　態度,"
559,鄭記土魠魚羹,https://maps.google.com/?cid=3383344369602946332,John Chuang,還蠻好吃，,
560,萬川號餅舖,https://maps.google.com/?cid=1235390345844112343,Josh H,在地府城老字號，肉包好吃～,"地,　老字號,　肉包,"
561,阿輝炒鱔魚,https://maps.google.com/?cid=13926895116005986026,Josh Lee,是鱔魚脆口、意麵入味還是相當好吃，只是沒有到驚豔。,"鱔魚,　意麵,"
562,阿輝炒鱔魚,https://maps.google.com/?cid=13926895116005986026,Josh Lee,不過炒花枝倒是出乎意料的好吃，搭配烏醋讓人一口接一口。,"花枝,　烏醋,　人,"
563,一品塘手工杏仁奶酪,https://maps.google.com/?cid=1132539528932209736,Josh Liu,非常好吃的手工杏仁奶酪、最棒的自家手工芋圓、所有的配料十分清爽不死甜、完美的甜度！,"手工,　杏仁,　奶酪,　手工,　芋圓,　配料,　甜度,"
564,榮盛點心,https://maps.google.com/?cid=3001757988839766067,Josh wang,廚師的手段都是乾淨的，從古時候就可以印證... 好吃的米糕、魚鬆、滷汁.....！,"廚師,　手段,　米糕,　魚鬆,　滷汁,"
565,上海華都小吃,https://maps.google.com/?cid=9456196147209512510,Joshua Cheng,店內菜色還蠻多的， 滿適合家庭團體聚餐一起點。,"菜色,　家庭,　團體,"
566,冬瓜寶冬瓜茶冷飲專賣店,https://maps.google.com/?cid=4485031190234671674,Joshua Liu,喝起來就跟一般的不一樣，讚,
567,赤崁棺材板,https://maps.google.com/?cid=1322526713838872754,Joshua Su,棺材板皮酥，配上濃湯還不錯。,"棺材板,　皮,　濃湯,"
568,下大道蘭米糕,https://maps.google.com/?cid=3085742664717935776,Joshua Su,米糕淋上滷汁香又順口，吃一口就停不下來。,"米糕,　滷汁,"
569,下大道蘭米糕,https://maps.google.com/?cid=3085742664717935776,Joshua Su,再加一顆滷鴨蛋，絕配。,"滷鴨蛋,　絕配,"
570,阿家牛肉湯,https://maps.google.com/?cid=14382614763632931010,joshua900305,小菜卻是讓消費者有多樣的選擇，吃的營養又飽足的確是間不錯用餐店家。,"小菜,　消費者,　選擇,　營養,　店家,"
571,江川肉燥飯,https://maps.google.com/?cid=16826961460448539171,Josie Ao,味道很溫和，肉燥飯是自己喜歡帶肥、帶皮的模式。,"味道,　肉燥飯,　肥,　皮,　模式,"
572,府城大水缸,https://maps.google.com/?cid=17816800002886699880,Lee Mandy,飲品不加冰塊，而且有糖的也是微甜：）古早味又健康的飲品  老闆娘態度很好 看我在拍照，還推薦我大家都在那邊拍照！,"飲品,　冰塊,　糖,　古早味,　飲品,　老闆娘,　態度,"
573,香港朱記茶水灘 - 崇學店,https://maps.google.com/?cid=1766072135761235152,Lu Shin,第一次來點了腐皮鮮蝦捲、廣式蘿蔔糕和奶黃流沙包，口味十分道地好吃，下次來會想點其他點心試看看，老闆娘服務態度很好，附近雖然有些停車格，,"皮,　蝦捲,　蘿蔔糕,　奶黃,　流沙包,　口味,　點心,　老闆娘,　態度,　停車格,"
574,永林綜合料理台南本店 Yonlin Restaurant,https://maps.google.com/?cid=1821795297087644639,Pang-Yu Liu,只有涮牛肉讓我覺得好吃,"涮,　牛肉,"
575,Mr.麵王,https://maps.google.com/?cid=1444700531705902071,Shian,湯頭不錯，麵條好吃，服務態度很好，炸豬排很好吃,"湯頭,　麵條,　態度,　炸豬排,"
576,密密一鍋,https://maps.google.com/?cid=17626407725738455795,venus v,麻辣鍋香，鈣骨鍋濃的，員工態度超好 ,"鈣骨鍋,　員工,　態度,"
577,永林綜合料理台南本店 Yonlin Restaurant,https://maps.google.com/?cid=1821795297087644639,吳予彤,雖然餐點還不錯吃,"餐點,"
578,密密一鍋,https://maps.google.com/?cid=17626407725738455795,林侑生,湯頭不錯，火鍋料也好吃，服務態度也都不錯。,"湯頭,　火鍋料,　態度,"
579,沙淘宮菜粽,https://maps.google.com/?cid=158385776140190434,張小O,菜粽好吃，老闆服務態度佳,"菜粽,　老闆,　態度,"
580,明新食品,https://maps.google.com/?cid=6129942254437714976,梁弘弘,蛋撻餡好吃，外皮很多顆粒個人不愛 巧克力卷普 蜂蜜蛋糕不錯 服務態度不錯 環境乾淨,"蛋撻,　餡,　外皮,　顆粒,　巧克力,　蜂蜜,　蛋糕,　態度,　環境,"
581,下大道蘭米糕,https://maps.google.com/?cid=3085742664717935776,陳永翔,滷蛋魯得很透超讚 魚皮湯沒腥味量也很多 最重要的事老闆娘服務態度很好 看我熱還把電風扇給我吹 讓我感受濃濃的台南人情味,"滷蛋,　魚皮湯,　腥味量,　事,　老闆娘,　態度,　電風扇,　台南,　人情味,"
582,圓環牛肉湯,https://maps.google.com/?cid=827307068707262989,賴小兔,湯頭清淡，牛肉鮮甜；態度親切，要等一下,"湯頭,　牛肉,　態度,"
583,The Sober Foodie 食上主義餐酒館,https://maps.google.com/?cid=46958090805535498,顏婕蓉,超級好吃，松露燉飯和英國炸魚很推 店員服務態度很好，也很漂亮 (´∀｀)♡,"松露,　燉飯,　炸魚,　店員,　態度,"
584,密密一鍋,https://maps.google.com/?cid=17626407725738455795,顏璽芸,梅花豬超級好吃 麻辣湯很香，有鴨血豆腐  紅茶香味很特別，喝完還會想再喝,"梅花豬,　麻辣湯,　鴨血,　豆腐,　紅茶,　香味,"
585,福生小食店,https://maps.google.com/?cid=2356601144562403947,龔甜甜,褔生是原全生老店老員工將老老闆的老味道傳承下來 實屬不易 全店任何餐食無地雷 肉燥飯 魯蛋 魯豆腐 筍絲 白菜滷 丸子湯 隨便點都好吃 只要找到位置坐著 自然有點餐大姐來幫忙叫餐 經濟實惠的好味道,"員工,　餐食,　地雷,　肉燥飯,　魯蛋,　魯豆腐,　筍絲,　白菜,　丸子湯,　位置,　餐,　大姐,　餐,　味道,"
586,臻品周氏泡菜,https://maps.google.com/?cid=17720816701488269644,龔照純,泡菜味道夠好吃。,"泡菜,　味道,"
587,阿美飯店,https://maps.google.com/?cid=17318390011116197475,龔照純,東西好吃。,"東西,"
588,友誠蝦仁肉圓,https://maps.google.com/?cid=2977219638895410147,欒怡芬,肉圓真材實料，吃得到新鮮蝦子，上次喝的魚丸湯，出乎意料的鮮甜，下次回臺南會再去吃。,"肉圓,　材,　料,　蝦子,　魚丸湯,"
589,下大道蘭米糕,https://maps.google.com/?cid=3085742664717935776,纓纓,米糕好好吃~,"米糕,"
590,咖啡部屋,https://maps.google.com/?cid=13334440783961994183,顯耀雷,餐點美味咖啡好喝,"餐點,　咖啡,"
591,石精臼蚵仔煎,https://maps.google.com/?cid=14621166659351077076,鑫漢（Leo）,蚵仔煎還不錯，飯湯很古早味,"蚵仔煎,　飯湯,　古早味,"
592,六巷現調茶品,https://maps.google.com/?cid=8043487610977918668,시정(시정),很好喝，珍珠很軟Q有彈性，奶蓋紅喝起來也不苦澀，下次要來喝看看超奶～,"珍珠,　彈性,　奶蓋,　超奶,"
593,莊子土豆仁湯,https://maps.google.com/?cid=3179863068037388557,이신의,重新裝潢後這是第一次來 燒麻糬真的很好吃 一定要試試！,"麻糬,"
594,《富食店》海鮮粥 肉燥飯,https://maps.google.com/?cid=17476389618746479075,ᄌᄉ,海鮮粥料多好吃,"海鮮粥,　料,"
595,一品塘手工杏仁奶酪,https://maps.google.com/?cid=1132539528932209736,진미,杏仁豆腐超級好吃！,"杏仁,　豆腐,"
